<?xml version='1.0' encoding='utf-8'?>
<!DOCTYPE hibernate-configuration PUBLIC
"-//Hibernate/Hibernate Configuration DTD//EN"
"http://www.hibernate.org/dtd/hibernate-configuration-3.0.dtd">

<hibernate-configuration>
<session-factory>
<property name="hibernate.connection.driver_class">oracle.jdbc.driver.OracleDriver</property>
<property name="hibernate.connection.url">jdbc:oracle:thin:@//172.19.50.12:1630/PRTOSD</property>
<property name="hibernate.connection.username">PR_EIH_DBA</property>
<property name="hibernate.connection.password">PR_EIH_DBA</property>
<property name="hibernate.connection.pool_size">10</property>

<property name="show_sql">false</property>
<property name="dialect">org.hibernate.dialect.OracleDialect</property>
<property name="hibernate.current_session_context_class">org.hibernate.context.internal.ThreadLocalSessionContext</property>

<property name="hibernate.c3p0.min_size">3</property>
<property name="hibernate.c3p0.max_size">10</property>
<property name="hibernate.c3p0.timeout">300</property>
<property name="hibernate.c3p0.max_statements">50</property>
<property name="hibernate.c3p0.idle_test_period">30</property>

<mapping class="com.minapro.communicationServer.db.Terminal"/>
<mapping class="com.minapro.communicationServer.db.UserRole"/>
<mapping class="com.minapro.communicationServer.db.User"/>
<mapping class="com.minapro.communicationServer.db.DeviceMapping"/>
<mapping class="com.minapro.communicationServer.db.DeviceMaster"/>
<mapping class="com.minapro.communicationServer.db.Journal"/>
<mapping class="com.minapro.communicationServer.db.ApplicationParameter"/>
<mapping class="com.minapro.communicationServer.db.Unit"/>
</session-factory>
</hibernate-configuration>
