<?xml version="1.0" encoding="UTF-8"?>
<infinispan>
	<global>
		<transport>
			<properties>
				<property name="configurationFile" value="jgroups.xml" />
			</properties>
		</transport>
	</global>
	<namedCache name="DevicemapCache">
		<clustering mode="replication">
			<sync />
		</clustering>
		<expiration lifespan="-1" maxIdle="-1" />
	</namedCache>
	<namedCache name="ResponseCache">
		<expiration lifespan="600000" maxIdle="600000" />
	</namedCache>
	<namedCache name="RDTConfigCache">
		<expiration lifespan="-1" maxIdle="-1" />
	</namedCache>
	<namedCache name="SocketsCache">
		<expiration lifespan="-1" maxIdle="-1" />
	</namedCache>
	<namedCache name="ResponseRetriesCache">
		<expiration lifespan="600000" maxIdle="600000" />
	</namedCache>
	<namedCache name="UserInformationCache">
		<expiration lifespan="-1" maxIdle="-1" />
	</namedCache>
	<namedCache name="eventMergerCache">
		<expiration lifespan="600000" maxIdle="600000" />
	</namedCache>
	<namedCache name="pktCountCache">
		<expiration lifespan="600000" maxIdle="600000" />
	</namedCache>
	<namedCache name="ackToResponseMapCache">
		<expiration lifespan="600000" maxIdle="600000" />
	</namedCache>
		<namedCache name="eventIDToTokensCache">
		<expiration lifespan="600000" maxIdle="600000" />
	</namedCache>
	<namedCache name="LoggedInUserRoleMap">
		<expiration lifespan="-1" maxIdle="-1" />
	</namedCache>
	<namedCache name="userToRequestCache">
		<expiration lifespan="600000" maxIdle="600000" />
	</namedCache>
</infinispan>