<?xml version="1.0" encoding="UTF-8" ?>
<!DOCTYPE log4j:configuration SYSTEM "log4j.dtd">
<log4j:configuration xmlns:log4j='http://jakarta.apache.org/log4j/'
	debug="false">


	<appender name="file" class="org.apache.log4j.RollingFileAppender">
		<param name="append" value="true" />
		<param name="maxFileSize" value="100MB" />
		<param name="maxBackupIndex" value="10" />
		<param name="file" value="/app/console/comm_server/temp/Logs/RDTCommServer.log" />
		<layout class="org.apache.log4j.PatternLayout">
			<param name="ConversionPattern" value="%d{yyyy-MM-dd HH:mm:ss,SSS} %-5p %c{1}:%L, - %m%n" />
		</layout>
	</appender>

	<category name="main.java.com.minapro" additivity="false">
		<priority value="PERF"
			class="com.minapro.communicationServer.logging.PerfLevel" />
		<appender-ref ref="file" />
	</category>


	<logger name="org.apache.activemq">
		<level value="off" />
	</logger>
	<logger name="org.infinispan">
		<level value="off" />
	</logger>
	<logger name="org.hibernate">
		<level value="off" />
	</logger>
	<logger name="org.quartz">
		<level value="off" />
	</logger>
	<logger name="org.jgroups">
		<level value="off" />
	</logger>
	<logger name="com.mchange">
		<level value="off" />
	</logger>
	<root>
		<level value="DEBUG" />
		<appender-ref ref="file" />
	</root>
</log4j:configuration>
