<?xml version="1.0" encoding="UTF-8"?>
<!-- Configures the Camel Context -->

<beans xmlns="http://www.springframework.org/schema/beans"
	xmlns:xsi="http://www.w3.org/2001/XMLSchema-instance" xmlns:camel="http://camel.apache.org/schema/spring"
	xmlns:cxf="http://camel.apache.org/schema/cxf" xmlns:context="http://www.springframework.org/schema/context"
	xsi:schemaLocation="
       http://www.springframework.org/schema/beans http://www.springframework.org/schema/beans/spring-beans.xsd
       http://www.springframework.org/schema/context http://www.springframework.org/schema/context/spring-context.xsd
       http://camel.apache.org/schema/spring http://camel.apache.org/schema/spring/camel-spring.xsd
       http://camel.apache.org/schema/cxf http://camel.apache.org/schema/cxf/camel-cxf.xsd">

	<!-- This creates an embedded ActiveMQ Broker -->
	<!-- <broker xmlns="http://activemq.apache.org/schema/core" useJmx="true" 
		persistent="false"> <transportConnectors> <transportConnector uri="tcp://localhost:61616" 
		/> </transportConnectors> </broker> -->

	<bean id="routeProps"
		class="org.springframework.beans.factory.config.PropertyPlaceholderConfigurer">
		<!-- <property name="location" value="file:///home/fuse/atom-queueSIT.properties" /> -->
		<property name="location" value="file:///home/fuse/atom-queue.properties" />
	</bean>

	<!-- ~~~~~~~ OUT Active MQ queue Connections ~~~~~~~~~ -->

	<!-- Initializing the JMS connection -->
	<bean id="jmsConnectionFactory" class="org.apache.activemq.ActiveMQConnectionFactory">
		<!-- Enter the queue URL in the value along with the listening port and 
			change timer endpoint to QC Queue name as activemq:QueueName and remove the -->
		<property name="brokerURL" value="tcp://${ip}:${port}" />
		<property name="userName"  value="${userName}" />
        <property name="password"  value="${password}" />
      <!--   <property name="trustAllPackages" value="true" /> -->
		<!-- <property name="brokerURL" value="tcp://172.18.144.197:61616" /> -->
	</bean>

	<bean id="pooledConnectionFactory" class="org.apache.activemq.pool.PooledConnectionFactory"
		init-method="start" destroy-method="stop">
		<property name="maxConnections" value="${QUEUE_maxConnections}" />
		<!-- <property name="maximumActive" value="500" /> -->
		<property name="connectionFactory" ref="jmsConnectionFactory" />
	</bean>

	<bean id="jmsConfig" class="org.apache.camel.component.jms.JmsConfiguration">
		<property name="connectionFactory" ref="pooledConnectionFactory" />
		<property name="concurrentConsumers" value="${QUEUE_concurrentConsumers}" />
	</bean>

	<!-- Setting up the ActiveMQ component , for camel endpoint to interact 
		with -->
	<bean id="activemq" class="org.apache.activemq.camel.component.ActiveMQComponent">
		<property name="configuration" ref="jmsConfig" />
	</bean>

	<!-- ~~~~~~~ Internal Active MQ queue Connections ~~~~~~~~~ -->

	<bean id="jmsConnectionFactoryFuse" class="org.apache.activemq.ActiveMQConnectionFactory">
		<!-- <property name="brokerURL" value="tcp://172.20.27.131:61616" /> -->
		<property name="brokerURL" value="tcp://${ip}:${port}" />
		<property name="userName"  value="${userName}" />
        <property name="password"  value="${password}" />
        <!-- <property name="trustAllPackages" value="true" /> -->
	</bean>
	<bean id="pooledConnectionFactoryFuse" class="org.apache.activemq.pool.PooledConnectionFactory"
		init-method="start" destroy-method="stop">
		<property name="maxConnections" value="${QUEUE_maxConnections}" />
		<!-- <property name="maximumActive" value="500" /> -->
		<property name="connectionFactory" ref="jmsConnectionFactoryFuse" />
	</bean>
	<bean id="jmsConfigFuse" class="org.apache.camel.component.jms.JmsConfiguration">
		<property name="connectionFactory" ref="pooledConnectionFactoryFuse" />
		<property name="concurrentConsumers" value="${QUEUE_concurrentConsumers}" />
	</bean>
	<bean id="activemqFuse" class="org.apache.activemq.camel.component.ActiveMQComponent">
		<property name="configuration" ref="jmsConfigFuse" />
	</bean>

	<!-- ~~~~~~~ DataSource definitions ~~~~~~~~~ -->

	<bean id="PromisDataSource" class="org.apache.commons.dbcp.BasicDataSource"
		destroy-method="close">
		<property name="driverClassName" value="oracle.jdbc.driver.OracleDriver" />
		<property name="url"
			value="jdbc:oracle:thin:@${DPRDT_ip}:${DPRDT_port}:${DPRDT_sid}" />
		<property name="username" value="${DPRDT_username}" />
		<property name="password" value="${DPRDT_password}" />
		<property name="removeAbandoned" value="${DPRDT_removeAbandoned}" />
		<property name="initialSize" value="${DPRDT_initialSize}" />
		<property name="maxActive" value="${DPRDT_maxActive}" />
	</bean>

	<bean id="PrtosDataSource" class="org.apache.commons.dbcp.BasicDataSource"
		destroy-method="close">
		<property name="driverClassName" value="oracle.jdbc.driver.OracleDriver" />
		<property name="url"
			value="jdbc:oracle:thin:@${PRTOSD_ip}:${PRTOSD_port}:${PRTOSD_sid}" />
		<property name="username" value="${PRTOSD_username}" />
		<property name="password" value="${PRTOSD_password}" />
		<property name="removeAbandoned" value="${PRTOSD_removeAbandoned}" />
		<property name="initialSize" value="${PRTOSD_initialSize}" />
		<property name="maxActive" value="${PRTOSD_maxActive}" />
	</bean>

	<bean id="PrtosmpDataSource" class="org.apache.commons.dbcp.BasicDataSource"
		destroy-method="close">
		<property name="driverClassName" value="oracle.jdbc.driver.OracleDriver" />
		<property name="url"
			value="jdbc:oracle:thin:@${PRTOSDMP_ip}:${PRTOSDMP_port}:${PRTOSDMP_sid}" />
		<property name="username" value="${PRTOSDMP_username}" />
		<property name="password" value="${PRTOSDMP_password}" />
		<property name="removeAbandoned" value="${PRTOSDMP_removeAbandoned}" />
		<property name="initialSize" value="${PRTOSDMP_initialSize}" />
		<property name="maxActive" value="${PRTOSDMP_maxActive}" />
	</bean>

	<!-- ~~~~~~~~~~~~~~~~ -->

	<bean id="OpusConnection" class="com.dpw.opus.common.OpusConnection">
		<property name="opusUrl" value="${opusUrl}" />
		<property name="systemControlUrl" value="${systemControlUrl}" />
		<property name="machineControlUrl" value="${machineControlUrl}" />
		<property name="jobControlUrl" value="${jobControlUrl}" />
		<property name="userControlUrl" value="${userControlUrl}" />
		<property name="vesselControlUrl" value="${vesselControlUrl}" />
		<property name="containerControlUrl" value="${containerControlUrl}" />
		<property name="defineControlUrl" value="${defineControlUrl}" />
		<property name="writeToOpus" value="${writeToOpus}" />
		<property name="writeQcJobConfirmation" value="${writeQcJobConfirmation}" />
		<property name="writeExchangePosition" value="${writeExchangePosition}" />
	</bean>

	<!-- ~~~~~~~~~~ OPUS interface Service for all APIs provided by OPUS ~~~~~~~~~ -->

	<bean id="opusProxyService" class="com.clt.tos.external.proxy.service.OpusProxyService">
		<property name="OpusConnection" ref="OpusConnection" />
	</bean>

	<bean id="systemControlService"
		class="com.clt.tos.external.proxy.service.impl.SystemControlServiceImpl" />

	<bean id="userControlService"
		class="com.clt.tos.external.proxy.service.impl.UserControlServiceImpl" />

	<bean id="machineControlService"
		class="com.clt.tos.external.proxy.service.impl.MachineControlServiceImpl" />

	<bean id="eventProcessor" class="com.dpw.opus.processor.EventProcessor" />

	<bean id="processorSender" class="com.dpw.opus.processor.ProcessorSender" />

	<!-- ~~~~~~~~~~ REQUEST PROCESSORS ~~~~~~~~~ -->
	<bean id="testProcessor" class="com.dpw.opus.processor.TestProcessor" />

	<bean id="systemControlProcessor" class="com.dpw.opus.processor.control.SystemControlProcessor" />

	<bean id="userControlProcessor" class="com.dpw.opus.processor.control.UserControlProcessor" />

	<bean id="machineControlProcessor" class="com.dpw.opus.processor.control.MachineControlProcessor" />

	<bean id="jobControlProcessor" class="com.dpw.opus.processor.control.JobControlProcessor" />

	<bean id="containerControlProcessor"
		class="com.dpw.opus.processor.control.ContainerControlProcessor" />

	<bean id="vesselControlProcessor" class="com.dpw.opus.processor.control.VesselControlProcessor" />

	<bean id="ExchangeRepo" class="com.dpw.opus.processor.ExchangeProcessor" />

	<camelContext xmlns="http://camel.apache.org/schema/spring">
		<propertyPlaceholder id="properties"
			location="classpath:endpoint.properties" xmlns="http://camel.apache.org/schema/spring" />
		<routeContextRef ref="RequestRouteContext" />

		<route id="setExchange">
			<from uri="timer://exchange?delay=0001&amp;repeatCount=1" />
			<log message="EXCHANGE REPO TO BE SET" />
			<process ref="ExchangeRepo" />
			<log message="EXCHANGE REPO SET" />
		</route>

		<!-- TEST Routing processor -->
		<!-- <route id="requestRoute"> <from uri="activemq:ESB_QC" /> <process 
			ref="eventProcessor" /> <process ref="testProcessor" /> <to uri="activemq:T2_ESB_QC_OUTQ" 
			/> </route> -->

		<route id="qcRoute">
			<from uri="{{ESB_QCQ}}" />
			<process ref="eventProcessor" />
			<dynamicRouter>
				<method bean="processorSender" ref="processorSender" method="sendToEndpoint"></method>
			</dynamicRouter>
		</route>

		<route id="hcRoute">
			<from uri="{{ESB_HCQ}}" />
			<process ref="eventProcessor" />
			<dynamicRouter>
				<method bean="processorSender" ref="processorSender" method="sendToEndpoint"></method>
			</dynamicRouter>
		</route>

		<route id="cheRoute">
			<from uri="{{ESB_CHEQ}}" />
			<process ref="eventProcessor" />
			<dynamicRouter>
				<method bean="processorSender" ref="processorSender" method="sendToEndpoint"></method>
			</dynamicRouter>
		</route>

		<route id="itvRoute">
			<from uri="{{ESB_ITVQ}}" />
			<process ref="eventProcessor" />
			<dynamicRouter>
				<method bean="processorSender" ref="processorSender" method="sendToEndpoint"></method>
			</dynamicRouter>
		</route>

		<route id="opusStatusTimer">
			<from uri="timer://opusStatusTimer?delay=0001&amp;period=30000" />
			<process ref="systemControlProcessor" />
		</route>

	</camelContext>

</beans>