<?xml version="1.0" encoding="UTF-8"?>
<beans xmlns="http://www.springframework.org/schema/beans"
	xmlns:xsi="http://www.w3.org/2001/XMLSchema-instance" xmlns:camel="http://camel.apache.org/schema/spring"
	xmlns:cxf="http://camel.apache.org/schema/cxf" xmlns:context="http://www.springframework.org/schema/context"
	xsi:schemaLocation="
       http://www.springframework.org/schema/beans http://www.springframework.org/schema/beans/spring-beans.xsd
       http://www.springframework.org/schema/context http://www.springframework.org/schema/context/spring-context.xsd
       http://camel.apache.org/schema/spring http://camel.apache.org/schema/spring/camel-spring.xsd
       http://camel.apache.org/schema/cxf http://camel.apache.org/schema/cxf/camel-cxf.xsd">

	<!-- RouteContext initialized -->
	<routeContext xmlns="http://camel.apache.org/schema/spring"
		id="RequestRouteContext">

		<!-- ********************** SYSTEM CONTROL PROCESSOR ********************** -->
		<!-- ATOM Confirm Allocation Event - OPUS User Login API -->
		<route id="KeepAliveEvent">
			<from uri="direct:KeepAliveEvent" />
			<bean ref="systemControlProcessor" method="sendOPUSStatusToRDT" />
			<!-- <to uri="direct:OUTQ" /> <log message="OPUS Server Keep Alive EVENT" 
				/> -->
		</route>

		<!-- ********************** USER CONTROL PROCESSOR ********************** -->
		<!-- ATOM Confirm Allocation Event - OPUS User Login API -->
		<route id="ConfirmAllocationEvent">
			<from uri="direct:ConfirmAllocationEvent" />
			<bean ref="userControlProcessor" method="processConfirmAllocationEvent" />
			<to uri="direct:OUTQ" />
			<log message="CONFIRM ALLOCATION Response EVENT send to OUT Queue" />
		</route>

		<!-- ATOM Logout Event - OPUS User Logout API -->
		<route id="LogoutEvent">
			<from uri="direct:LogoutEvent" />
			<bean ref="userControlProcessor" method="processLogoutEvent" />
			<to uri="direct:OUTQ" />
			<log message="LOGOUT Response EVENT send to OUT Queue" />
		</route>

		<!-- ********************** MACHINE CONTROL PROCESSOR ********************** -->
		<!-- ATOM OperatorAvialbilityEvent -->
		<route id="AvailabilityEvent">
			<from uri="direct:AvailabilityEvent" />
			<bean ref="machineControlProcessor" method="processSetMachineStop" />
			<!-- <to uri="direct:OUTQ" />
			<log message="Operator Availability Response EVENT send to OUT Queue" /> -->
		</route>

		<!-- ATOM ITVPoolRequestEvent -->
		<route id="ITVPoolRequestEvent">
			<from uri="direct:ITVPoolRequestEvent" />
			<bean ref="machineControlProcessor" method="processGetMachineListOfPool" />
			<to uri="direct:OUTQ" />
			<log message="ITV Pool Response EVENT send to OUT Queue" />
		</route>

		<!-- ATOM ITVPoolRequestEvent -->
		<route id="ITVArrivalEvent">
			<from uri="direct:ITVArrivalEvent" />
			<bean ref="machineControlProcessor" method="processSetMachineArrival" />
			<to uri="direct:OUTQ" />
			<log message="ITV Arrival Response EVENT send to OUT Queue" />
		</route>
		
		<!-- ATOM Operator Message Notice Request -->
		<route id="OperatorMessageEvent">
			<from uri="direct:OperatorMessageEvent" />
			<bean ref="machineControlProcessor" method="processOperatorMachineNotice" />
			<to uri="direct:OUTQ" />
			<log message="Operator Message response EVENT send to OUT Queue" />
		</route>
		
		<!-- ATOM ITV Swap Request Event -->
		<route id="ITVSwapRequestEvent">
			<from uri="direct:ITVSwapEvent" />
			<bean ref="machineControlProcessor" method="processItvSwap4Manual" />
			<to uri="direct:OUTQ" />
			<log message="Operator Message response EVENT send to OUT Queue" />
		</route>

		<!-- ********************** JOB CONTROL PROCESSOR ********************** -->
		<!-- ATOM JobListRequestEvent -->
		<route id="JobListRequestEvent">
			<from uri="direct:JobListRequestEvent" />
			<bean ref="jobControlProcessor" method="processJobList" />
			<to uri="direct:OUTQ" />
			<log message="Job List Response EVENT send to OUT Queue" />
		</route>

		<!-- ATOM JobSelection Event -->
		<route id="JobSelectionEvent">
			<from uri="direct:JobSelectionEvent" />
			<bean ref="jobControlProcessor" method="processJobSelection" />
			<to uri="direct:OUTQ" />
			<log message="Job Selection Response EVENT send to OUT Queue" />
		</route>

		<!-- ATOM JobDoneEvent -->
		<route id="JobDoneEvent">
			<from uri="direct:JobDoneEvent" />
			<bean ref="jobControlProcessor" method="processJobDone" />
			<to uri="direct:OUTQ" />
			<log message="Job Done Response EVENT send to OUT Queue" />
		</route>

		<!-- ATOM JobDoneEvent -->
		<route id="CancelJobSelectEvent">
			<from uri="direct:CancelJobSelectEvent" />
			<bean ref="jobControlProcessor" method="processJobStatus" />
			<to uri="direct:OUTQ" />
			<log message="CancelJobSelect Response EVENT send to OUT Queue" />
		</route>

		<!-- ATOM JobDoneEvent for CHE Inventory Update-->
		<route id="InventoryUpdateEvent">
			<from uri="direct:InventoryUpdateEvent" />
			<bean ref="jobControlProcessor" method="processCHEInventoryUpdate" />
			<to uri="direct:OUTQ" />
			<log message="Inventory Update response EVENT send to OUT Queue" />
		</route>
		
		<!-- ATOM SwapRequestEvent for Containers on ITV-->
		<route id="SwapEvent">
			<from uri="direct:SwapEvent" />
			<bean ref="jobControlProcessor" method="processSwapRequest" />
			<to uri="direct:OUTQ" />
			<log message="Swap response EVENT send to OUT Queue" />
		</route>
		
		<!-- ATOM Out Of List Containers Request-->
		<route id="OutOfListContainersInquiryEvent">
			<from uri="direct:OutOfListContainersInquiryEvent" />
			<bean ref="jobControlProcessor" method="processOutOfListContainerInquiry" />
			<to uri="direct:OUTQ" />
			<log message="Out Of List Containers response EVENT send to OUT Queue" />
		</route>
		
		<!-- ATOM ShuffleContrLocation Request-->
		<route id="ShuffleContrLocationEvent">
			<from uri="direct:ShuffleContrLocationEvent" />
			<bean ref="jobControlProcessor" method="processShuffleContrLocation" />
			<to uri="direct:OUTQ" />
			<log message="Shuffle Contr Location response EVENT send to OUT Queue" />
		</route>

		<!-- ********************** VESSEL CONTROL PROCESSOR ********************** -->

		<!-- ATOM ExchangeContainerEvent -->
		<route id="ExchangeContainerEvent">
			<from uri="direct:ExchangeContainerEvent" />
			<bean ref="vesselControlProcessor" method="processExchangeContainer" />
			<to uri="direct:OUTQ" />
			<log message="ExchangeContainerEvent Event Response sent to OUTQ" />
		</route>

		<!-- ATOM UpdateContainerLocationEvent -->
		<route id="UpdateContainerLocationEvent">
			<from uri="direct:UpdateContainerLocationEvent" />
			<bean ref="vesselControlProcessor" method="processExchangeStowage" />
			<to uri="direct:OUTQ" />
			<log message="UpdateContainerLocation Event Response sent to OUTQ" />
		</route>

		<!-- ATOM OrphanContainerEvent -->
		<route id="OrphanContainerEvent">
			<from uri="direct:OrphanContainerEvent" />
			<bean ref="vesselControlProcessor" method="processCreateOutOfListContainer" />
			<to uri="direct:OUTQ" />
			<log message="OrphanContainerEvent Event Response sent to OUTQ" />
		</route>

		<!-- ********************** CONTAINER CONTROL PROCESSOR ********************** -->

		<!-- ATOM ContainerDataCorrectionEvent -->
		<route id="UpdateContainerEvent">
			<from uri="direct:UpdateContainerEvent" />
			<bean ref="containerControlProcessor" method="processUpdateDataCorrection" />
			<to uri="direct:OUTQ" />
			<log message="Container Data Correction Response EVENT send to OUT Queue" />
		</route>

		<!-- ATOM ContainerDamageEvent -->
		<route id="ContainerDamageEvent">
			<from uri="direct:ContainerDamageEvent" />
			<bean ref="containerControlProcessor" method="processUpdateDamageStatus" />
		</route>

		<!-- ********************** OUT QUEUE ROUTES ********************** -->
		<route id="OUTQ">
			<from uri="direct:OUTQ" />
			<log
				message="Header Queue NAME for Request Event- ${headers.queueName}" /> 
			<choice>
				<when>
					<simple>${headers.queueName} == 'QC'</simple>
					<log message="QC RESPONSE OBJECT SENT TO OUTQ...{{QCQ}}" />
					<to uri="{{QCQ}}" />
				</when>
				<when>
					<simple>${headers.queueName} == 'HC'</simple>
					<log message="HC RESPONSE OBJECT SENT TO OUTQ...{{HCQ}}" />
					<to uri="{{HCQ}}" />
				</when>
				<when>
					<simple>${headers.queueName} == 'CHE'</simple>
					<log message="CHE RESPONSE OBJECT SENT TO OUTQ...{{CHEQ}}" />
					<to uri="{{CHEQ}}" />
				</when>
				<when>
					<simple>${headers.queueName} == 'ITV'</simple>
					<log message="ITV RESPONSE OBJECT SENT TO OUTQ...{{ITVQ}}" />
					<to uri="{{ITVQ}}" />
				</when>
				<when>
					<simple>${headers.queueName} == 'COMMONQ'</simple>
					<log message="COMMON RESPONSE OBJECT SENT TO OUTQ" />
					<to uri="{{COMMONQ}}" />
				</when>
				<otherwise>
					<log message="---------- COMMON queue  -----" />
				</otherwise>
			</choice>
		</route>
	</routeContext>
</beans>