<?xml version="1.0" encoding="UTF-8"?>
<messages>
	<!-- This file describes the event formats which will be communicated between 
		mobility devices and RDT. -->
	<!-- Mobility devices sends/receives messages in comma(configurable) separated 
		values. -->
	<!-- This file helps to map each value to a field and also defines the order 
		in which the values appear in the message. -->
	<!-- message ID should be same as present in DeviceEventType.properties -->
	<message ID="LOGIN_REQ">
		<field name="EventType" />
		<field name="EventID" />
		<field name="UserID" />
		<field name="TerminalID" />
		<field name="TimeStamp" />
		<field name="Password" />
		<field name="DeviceID" />
		<field name="Role" />
	</message>
	<message ID="LOGIN_FAILURE">
		<field name="EventType" />
		<field name="EventID" />
		<field name="UserID" />
		<field name="TerminalID" />
	</message>
	<message ID="LOGIN_SUCCESS">
		<field name="EventType" />
		<field name="EventID" />
		<field name="UserID" />
		<field name="TerminalID" />
	</message>
	<message ID="DLM_REQ">
		<field name="EventType" />
		<field name="EventID" />
		<field name="UserID" />
		<field name="TerminalID" />
		<field name="TimeStamp" />
	</message>
	<message ID="LANGUAGES_REQ">
		<field name="EventType" />
		<field name="EventID" />
		<field name="UserID" />
		<field name="TerminalID" />
		<field name="TimeStamp" />
	</message>
	<message ID="LANGUAGE_CHANGE_REQ">
		<field name="EventType" />
		<field name="EventID" />
		<field name="UserID" />
		<field name="TerminalID" />
		<field name="TimeStamp" />
		<field name="ModifiedLang" />
	</message>
	<message ID="DLM_RESPONSE">
		<field name="EventType" />
		<field name="EventID" />
		<field name="shiftStartTime" />
		<field name="Break" />
		<field name="shiftEndTime" />
		<field name="UserID" />
		<field name="TerminalID" />
	</message>
	<message ID="BREAK">
		<field name="breakStartTime" />
		<field name="breakDuration" />
	</message>
	<message ID="LOGIN_DELAY">
		<field name="EventType" />
		<field name="EventID" />
		<field name="DelayTime" />
		<field name="ReasonCodes" />
		<field name="UserID" />
		<field name="TerminalID" />
	</message>
	<message ID="DELAY_CONFIRMATION">
		<field name="EventType" />
		<field name="EventID" />
		<field name="UserID" />
		<field name="TerminalID" />
		<field name="TimeStamp" />
		<field name="ReasonCode" />
	</message>
	<message ID="LOGOUT">
		<field name="EventType" />
		<field name="EventID" />
		<field name="UserID" />
		<field name="TerminalID" />
		<field name="TimeStamp" />
	</message>
	<message ID="DRIVE_INSTRUCTION">
		<field name="EventType" />
		<field name="EventID" />
		<field name="DriveType" /> <!-- can be QC,YARD,PS,GEN,TS -->
		<field name="GeneralInstruction" />
		<field name="LocationID" />
		<field name="ContainerID" />
		<field name="LaneID" />
		<field name="DriveDirection" />
		<field name="MoveType" />
		<field name="UserID" />
		<field name="TerminalID" />
	</message>
	<message ID="ITV_ARRIVAL">
		<field name="EventType" />
		<field name="EventID" />
		<field name="UserID" />
		<field name="TerminalID" />
		<field name="TimeStamp" />
		<field name="LocationID" />
		<field name="ContainerIDs" />
		<field name="LaneId" />
	</message>
	<message ID="JOB_LIST_REQUEST">
		<field name="EventType" />
		<field name="EventID" />
		<field name="UserID" />
		<field name="TerminalID" />
		<field name="TimeStamp" />
		<field name="EquipmentID" />
	</message>
	<message ID="JOB_LIST">
		<field name="EventType" />
		<field name="EventID" />
		<field name="Jobs" />
		<field name="UserID" />
		<field name="TerminalID" />
	</message>
	<message ID="CONTAINER">
		<field name="MoveType" />
		<field name="ContainerID" />
		<field name="IsoCode" />
		<field name="Pod" />
		<field name="Weight" />
		<field name="FromLocation" />
		<field name="ToLocation" />
		<field name="Remarks" />
		<field name="TwinContainerId" />
		<field name="ColourCode" />
		<field name="Category" />
		<field name="IsEmpty" />
		<field name="Size" />
		<field name="Priority" />
		<field name="PriorityColour" />
		<field name="SealStatus" />
		<field name="IsDamaged" />
		<field name="HazardousCode"/>
		<!-- Added by UmaMahesh -->
		<field name="SequenceNumber"/> <!--CHE Job SeqNumber  -->
		<field name="Position"/>
		<!-- New Property Added TO Handle CHE Job Status(Active,Processing,InActive..) -->
		<field name="Status"/>
	</message>
	<message ID="PINNING_CONFIRMATION">
		<field name="EventType" />
		<field name="EventID" />
		<field name="UserID" />
		<field name="TerminalID" />
		<field name="TimeStamp" />
		<field name="LocationID" />
		<field name="ContainerID" />
	</message>
	<message ID="ALERT_MESSAGE">
		<field name="EventType" />
		<field name="EventID" />
		<field name="TimeStamp" />
		<field name="Reason" />
		<field name="BeepRequired" /> <!-- true or false -->
		<field name="UserID" />
		<field name="TerminalID" />
	</message>
	<message ID="CONTAINER_MOVE">
		<field name="EventType" />
		<field name="EventID" />
		<field name="UserID" />
		<field name="TerminalID" />
		<field name="TimeStamp" />
		<field name="ContainerIDs" />
		<field name="FromLocations" />
		<field name="ToLocations" />
		<field name="MoveType" />
		<field name="AutomaticFlag" />
		<field name="SealOk" />
		<field name="TsAreas" />
		<field name="DoorDirection" />
		<field name="Position" />
	</message>
	<message ID="ITV_ARRIVED">
		<field name="EventType" />
		<field name="EventID" />
		<field name="ItvID" />
		<field name="ContainerIDs" />
		<field name="TrailerID" />
		<field name="NumberOfCntrs" />
		<field name="Color" />
		<field name="UserID" />
		<field name="TerminalID" />
	</message>
	<message ID="ITV_DISPATCHED">
		<field name="EventType" />
		<field name="EventID" />
		<field name="ItvID" />
		<field name="TrailerID" />
		<field name="NumberOfCntrs" />
		<field name="Color" />
		<field name="UserID" />
		<field name="TerminalID" />
	</message>
	<message ID="ITV_LEFT">
		<field name="EventType" />
		<field name="EventID" />
		<field name="ItvID" />
		<field name="UserID" />
		<field name="TerminalID" />
	</message>
	<message ID="ITV_GOTOMESSAGE">
		<field name="EventType" />
		<field name="EventID" />
		<field name="LocationID" />
		<field name="UserID" />
		<field name="TerminalID" />
	</message>
	<message ID="ITV_SWAP">
		<field name="EventType" />
		<field name="EventID" />
		<field name="ItvID" />
		<field name="UserID" />
		<field name="TerminalID" />
	</message>
	<message ID="JOB_DONE">
		<field name="EventType" />
		<field name="EventID" />
		<field name="TimeStamp" />
		<field name="ContainerIDs" /> <!-- container1|container2 -->
		<field name="ToLocations" />
		<field name="OperationType" /> <!-- will be either A for automatic/ M for Manual -->
		<field name="UserID" />
		<field name="TerminalID" />
	</message>
	<message ID="EQP_USER_ALLOCATION">
		<field name="EventType" />
		<field name="EventID" />
		<field name="RotationIDs" />
		<field name="ActivityCodes" /> <!-- Operational|Non-Operational -->
		<field name="NonOpCodes" />    <!-- Training|Maintenance|Other -->
		<field name="EquipmentID" />
		<field name="Location" />
		<field name="LanguageCode" />
		<field name="TrailerNo"/>
		<field name="UserID" />
		<field name="TerminalID" />
	</message>
	<message ID="CONFIRM_ALLOCATION">
		<field name="EventType" />
		<field name="EventID" />
		<field name="UserID" />
		<field name="TerminalID" />
		<field name="TimeStamp" />
		<field name="RotationID" />
		<field name="ActivityCode" />
		<field name="EquipmentID" />
		<field name="Location" />
		<field name="Remarks" />
		<field name="TrailerID" />
	</message>
	<message ID="INSPECTION_CHECKLIST">
		<field name="EventType" />
		<field name="EventID" />
		<field name="checkLists" /> <!-- checklistItemId^checklistDesc^icon^category^mandatory -->
		<field name="UserID" />   <!-- For Vessel Foreman checklistItemId^checklistDesc^icon^category^mandatory^p/f -->
		<field name="TerminalID" />
	</message>
	<message ID="INSPECTION_RECORD">
		<field name="EventType" />
		<field name="EventID" />
		<field name="UserID" />
		<field name="TerminalID" />
		<field name="TimeStamp" />
		<field name="CheckListItems" /> <!-- checklistItemId^p/f -->
		<field name="Status" />
		<field name="CheckListType" />
		<field name="EquipmentID" />
	</message>
	<message ID="CANCEL_INSPECTION">
		<field name="EventType" />
		<field name="EventID" />
		<field name="UserID" />
		<field name="TerminalID" />
		<field name="TimeStamp" />
	</message>
	<message ID="ITV_POOL_REQUEST">
		<field name="EventType" />
		<field name="EventID" />
		<field name="UserID" />
		<field name="TerminalID" />
		<field name="TimeStamp" />
	</message>
	<message ID="ITV_POOL">
		<field name="EventType" />
		<field name="EventID" />
		<field name="ITVs" /> <!-- itvId^20or40^1or2 -->
		<field name="UserID" />
		<field name="TerminalID" />
	</message>
	<message ID="DAMAGE_CODE_REQUEST">
		<field name="EventType" />
		<field name="EventID" />
		<field name="UserID" />
		<field name="TerminalID" />
		<field name="TimeStamp" />
	</message>
	<message ID="DAMAGED_CONTAINER">
		<field name="EventType" />
		<field name="EventID" />
		<field name="UserID" />
		<field name="TerminalID" />
		<field name="TimeStamp" />
		<field name="DamageDetails" /> <!-- containerId^damageCode1|damageCode2|damageCode3^ITVId^TSArea$containerId^damageCode1|damageCode2|damageCode3^ITVId^TSArea -->
		<field name="MoveType" />
	</message>
	<message ID="HEAVY_HOOK">
		<field name="EventType" />
		<field name="EventID" />
		<field name="Status" /> <!-- true indicates heavy hook, false indicate no longer heavy hook -->
		<field name="UserID" />
		<field name="TerminalID" />
	</message>
	<message ID="CONTAINER_HANDLING">
		<field name="EventType" />
		<field name="EventID" />
		<field name="TimeStamp" />
		<field name="ContainerIDs" />
		<field name="UserID" />
		<field name="TerminalID" />
	</message>

	<!--  Following Events Are Related To UpdateContaierAttributes related message formats -->
	
	<message ID="UPDATE_CONTAINER_INQUIRY_REQUEST">
		<field name="EventType" />
		<field name="EventID" />
		<field name="UserID" />
		<field name="TerminalID" />
		<field name="TimeStamp" />
		<field name="ContainerId"/>
	</message>
	
	<message ID="UPDATED_CONTAINER_REQUEST">
		<field name="EventType" />
		<field name="EventID" />
		<field name="UserID" />
		<field name="TerminalID" />
		<field name="TimeStamp" />
		<field name="ContainerID" />
		<field name="LineCode" />
		<field name="Category"/><!-- Import,Export,Tran shipment and etc -->
		<field name="Empty"/><!--Radio Button True or False  -->
		<field name="IsoCode" /><!-- Server Will Send List Of Available ISO Codes -->
		<field name="Pod"/>
		<field name="Npod"/>
		<field name="Fpod"/>
		<field name="Size" /><!--Radio Button 20 or 40  -->
		<field name="Weight" />
		<field name="OogDimensions" /><!-- Format should be like :: Over Slot Gauge(F/B/L/R/T) = 11/12/13/14/15 -->
		<field name="PlugCode"/>
		<field name="Vessel"/>
		<field name="OutVessel" />
		<field name="Voyage"/>
		<field name="OutVoyage" />
		<field name="Seal1"/>
		<field name="Seal2"/>
		<field name="Seal3"/>
		<field name="Seal4"/>
		<field name="Seal5"/>
		</message>
		
	<message ID="DELAY_RECORDING_BY_OPERATOR">
		<field name="EventType" />
		<field name="EventID" />
		<field name="UserID" />
		<field name="TerminalID" />
		<field name="TimeStamp" />
	</message>
	<message ID="DELAY_RECORDING">
		<field name="EventType" />
		<field name="EventID" />
		<field name="TimeStamp" />
		<field name="ReasonCodes" />
		<field name="UserID" />
		<field name="TerminalID" />
	</message>
	<message ID="DELAY_RECORD_CONFIRMATION">
		<field name="EventType" />
		<field name="EventID" />
		<field name="UserID" />
		<field name="TerminalID" />
		<field name="TimeStamp" />
		<field name="ReasonCode" />
		<field name="EquipmentID" />
	</message>
	<message ID="PERFORMANCE">
		<field name="EventType" />
		<field name="EventID" />
		<field name="TimeStamp" />
		<field name="TotalMoves" />
		<field name="GrossMovesPerHour" />
		<field name="TargetCompletionTime" />
		<field name="MovesToGo" />
		<field name="MovesBehind" />
		<field name="TargetMovesperHour" />
		<field name="UserID" />
		<field name="TerminalID" />
	</message>
	<message ID="BAY_VIEW_REQUEST">
		<field name="EventType" />
		<field name="EventID" />
		<field name="UserID" />
		<field name="TerminalID" />
		<field name="TimeStamp" />
		<field name="CellLocation" />
		<field name="ViewType" />
	</message>
	<message ID="SWITCH_BAY_REQUEST">
		<field name="EventType" />
		<field name="EventID" />
		<field name="UserID" />
		<field name="TerminalID" />
		<field name="TimeStamp" />
		<field name="BayNo" />
		<field name="ViewType" />
		<field name="DeckIndication" />
	</message>
	<message ID="YARD_VIEW_REQUEST">
		<field name="EventType" />
		<field name="EventID" />
		<field name="UserID" />
		<field name="TerminalID" />
		<field name="TimeStamp" />
		<field name="BlockNumber" />
		<field name="StackNumber" />
	</message>
	<message ID="STACK_VIEW_REQUEST">
		<field name="EventType" />
		<field name="EventID" />
		<field name="UserID" />
		<field name="TerminalID" />
		<field name="TimeStamp" />
		<field name="BlockNumber" />
		<field name="StackNumber" />
		<field name="NavigationType"/>
	</message>
	<message ID="BAY_FRONT_VIEW">
		<field name="EventType" />
		<field name="EventID" />
		<!-- bayNo~06^04^02^00^01^03^07~82^84^86 or 02^04^06~status^containerId#status^containerId#status^containerId| 
			status^containerId#status^containerId#status^containerId -->
		<field name="BayDetails" />
		<field name="DeckIndication" />
		<field name="UserID" />
		<field name="TerminalID" />
	</message>
	<message ID="SCROLLING_ALERT_MESSAGE">
		<field name="EventType" />
		<field name="EventID" />
		<field name="TimeStamp" />
		<field name="Reason" />
		<field name="BeepRequired" /> <!-- true or false -->
		<field name="ExpiryTime" />
		<field name="UserID" />
		<field name="TerminalID" />
	</message>	
	<message ID="UPDATE_JOB">
		<field name="EventType" />
		<field name="EventID" />
		<field name="UserID" />
		<field name="TerminalID" />
		<field name="TimeStamp" />
		<field name="UpdateType" />
		<field name="ContainerIDs" />
		<field name="MoveType" />
	</message>
	<message ID="GENERALLIFT_OPERATION">
		<field name="EventType" />
		<field name="EventID" />
		<field name="UserID" />
		<field name="TerminalID" />
		<field name="TimeStamp" />
		<field name="JobString" />
		<field name="MoveType" />
		<field name="FromLocation" />
		<field name="ToLocation" />
		<field name="QcId" />
		<field name="OrderNo" />
	</message>
	<!-- Following Three Message ID's Are Related To Operator Availability/UnAvailability 
		Operations -->
	<message ID="OPERATOR_BREAK_REASONS">
		<field name="EventType" />
		<field name="EventID" />
		<field name="UserID" />
		<field name="TerminalID" />
		<field name="TimeStamp" />
	</message>
	<message ID="OPERATOR_AVAILABILITY">
		<field name="EventType" />
		<field name="EventID" />
		<field name="UserID" />
		<field name="TerminalID" />
		<field name="TimeStamp" />
		<field name="IsAvailable" />
		<field name="UnavailableReason" />
		<field name="UnAvailableDuration" />
		<field name="CreateDelay"/>	<!-- T/F -->
	</message>
	<message ID="OPERATOR_AVAILABILITY_RESPONSE">
		<field name="EventType" />
		<field name="EventID" />
		<field name="ErrorMsg" />
		<field name="UserID" />
		<field name="TerminalID" />
	</message>
	<!-- Following Are Related to Technical Support Event -->
	<message ID="TECHNICAL_SUPPORT_REQUEST">
		<field name="EventType" />
		<field name="EventID" />
		<field name="UserID" />
		<field name="TerminalID" />
		<field name="TimeStamp" />
	</message>
	<message ID="TECHNICAL_SUPPORT_WITH_VALUES">
		<field name="EventType" />
		<field name="EventID" />
		<field name="UserID" />
		<field name="TerminalID" />
		<field name="TimeStamp" />
		<field name="Location" />
		<field name="ProblemCodes" />
		<field name="ProblemDescription" />
		<field name="LocationDescription" />
		<field name="AssetNumber" />
	</message>
	<!-- Following Event Formats are related to Vessel Foreman -->
	<message ID="BAY_ROW_CHANGE_NOTIF">
		<field name="EventType" />
		<field name="EventID" />
		<field name="EquipmentID" />
		<field name="BayNo" />
		<field name="RowNo" />
		<field name="UserID" />
		<field name="TerminalID" />
	</message>
	<message ID="QC_PERFORMANCE_NOTIF">
		<field name="EventType" />
		<field name="EventID" />
		<field name="EquipmentID" />
		<field name="MovesToGo" />
		<field name="GrossMovesPerHour" />
		<field name="UserID" />
		<field name="TerminalID" />
	</message>
	<message ID="BACKREACH_EVENT">
		<field name="EventType" />
		<field name="EventID" />
		<field name="TimeStamp" />
		<field name="BackReachType" />
		<field name="UserID" />
		<field name="TerminalID" />
	</message>
	<!-- Following Two Messages Responsible For Handling OrphanContainerCreation 
		Request and Response -->		
	<message ID="OUT_OF_LIST_CNTRS_GET_REQUEST">
		<field name="EventType" />
		<field name="EventID" />
		<field name="UserID" />
		<field name="TerminalID" />
		<field name="TimeStamp" />
		<field name="CntrKey"/>
	</message>
	<message ID="ORPHAN_CONTAINER_CREATION_REQUEST">
		<field name="EventType" />
		<field name="EventID" />
		<field name="UserID" />
		<field name="TerminalID" />
		<field name="TimeStamp" />
		<field name="ContainerID" />
		<field name="IsoCode"/>
		<field name="ItvNo"/>
		<field name="IsOutOfListContainer"/> <!-- 1 - out of list container /2 - orphan container -->
		<field name="FromLocation"/>
	</message>
	<message ID="ORPHAN_CONTAINER_STATUS_RESPONSE">
		<field name="EventType" />
		<field name="EventID" />
		<field name="ContainerCreationStatus" />
		<field name="ErrorMessage" />
		<field name="UserID" />
		<field name="TerminalID" />
	</message>
	<!-- Following Two Message ID'S Responsible For Handling TroubleShootOperations -->
	<message ID="TROUBLESHOOT_CONFIRM_REQUEST">
		<field name="EventType" />
		<field name="EventID" />
		<field name="UserID" />
		<field name="TerminalID" />
		<field name="TimeStamp" />
		<field name="TsDetails" /> <!-- containerId^tsCode1|tsCode2|tsCode3^ITVId^TSArea$containerId^tsCode1|tsCode2|tsCode3^ITVId^TSArea -->
		<field name="MoveType" />
	</message>
	<message ID="TROUBLESHOOT_AREAS_REQUEST">
		<field name="EventType" />
		<field name="EventID" />
		<field name="UserID" />
		<field name="TerminalID" />
		<field name="TimeStamp" />
	</message>
	<message ID="VF_CHECKLIST_REQ">
		<field name="EventType" />
		<field name="EventID" />
		<field name="UserID" />
		<field name="TerminalID" />
		<field name="TimeStamp" />
		<field name="CheckListType" /><!-- Indication checkList request for 
			QC or Vessel etc.. -->
		<field name="EquipmentID" />  <!-- value is present iff QC request -->
	</message>
	<message ID="FOREMAN_OPERATIONAL_VIEW_REQUEST">
		<field name="EventType" />
		<field name="EventID" />
		<field name="UserID" />
		<field name="TerminalID" />
		<field name="TimeStamp" />
	</message>
	<!-- Following Two Message ID'S responsible for SHF Pinning Stations Operations -->
	<message ID="SHF_PINNINGSTATION_VIEW_REQ">
		<field name="EventType" />
		<field name="EventID" />
		<field name="UserID" />
		<field name="TerminalID" />
		<field name="TimeStamp" />
	</message>
	<message ID="SHF_CHANGE_ALLOCATION_REQ">
		<field name="EventType" />
		<field name="EventID" />
		<field name="UserID" />
		<field name="TerminalID" />
		<field name="TimeStamp" />
		<field name="QcChangedPinningStations"></field>
	</message>
	<!-- Following Two Message IDS are Related to QCLanes -->
	<message ID="QC_LANE_VIEW_REQ">
		<field name="EventType" />
		<field name="EventID" />
		<field name="UserID" />
		<field name="TerminalID" />
		<field name="TimeStamp" />
	</message>
	<message ID="QC_LANE_CHANGE_ALLOCATION_REQ">
		<field name="EventType" />
		<field name="EventID" />
		<field name="UserID" />
		<field name="TerminalID" />
		<field name="TimeStamp" />
		<field name="QcChangedLaneStations"></field>
	</message>
	<message ID="FOREMAN_VIEW_PLAN_REQUEST">
		<field name="EventType" />
		<field name="EventID" />
		<field name="UserID" />
		<field name="TerminalID" />
		<field name="TimeStamp" />
		<field name="ViewName" />
		<field name="RotationId" />
		<field name="EquipmentID" />
	</message>
	<message ID="LASHERS_REQUEST">
		<field name="EventType" />
		<field name="EventID" />
		<field name="UserID" />
		<field name="TerminalID" />
		<field name="TimeStamp" />
	</message>
	<message ID="UPDATE_JOB_DETECTED">
		<field name="EventType" />
		<field name="EventID" />
		<field name="UserID" />
		<field name="TerminalID" />
		<field name="TimeStamp" />
		<field name="UpdateType" />
		<field name="ContainerIDs" />
	</message>
	<message ID="FOREMAN_VESSEL_DOCUMENT_REQUEST">
		<field name="EventType" />
		<field name="EventID" />
		<field name="UserID" />
		<field name="TerminalID" />
		<field name="TimeStamp" />
		<field name="DocumentName" />
		<field name="RotationId" />
		<field name="EquipmentID" />
	</message>
	<message ID="CONTAINER_HANDLING_MINIMIZE">
		<field name="EventType" />
		<field name="EventID" />
		<field name="TimeStamp" />
		<field name="Message" />
		<field name="UserID" />
		<field name="TerminalID" />
	</message>
	<message ID="STOP_PLC_INSTRUCTION">
		<field name="EventType" />
		<field name="EventID" />
		<field name="UserID" />
		<field name="TerminalID" />
		<field name="TimeStamp" />
		<field name="Subscribe" />
	</message>
	<message ID="COMPLETED_JOB_LIST_REQUEST">
		<field name="EventType" />
		<field name="EventID" />
		<field name="UserID" />
		<field name="TerminalID" />
		<field name="TimeStamp" />
	</message>
	<message ID="COMPLETED_JOB_LIST_RESP">
		<field name="EventType" />
		<field name="EventID" />
		<field name="Jobs" />
		<field name="UserID" />
		<field name="TerminalID" />
	</message>
	<message ID="REEFER_STATUS_NOTIF">
		<field name="EventType" />
		<field name="EventID" />
		<field name="TimeStamp" />
		<field name="ContainerIDs" />
		<field name="ConnectedColor" />
		<field name="DisconnectedColor" />
		<field name="UserID" />
		<field name="TerminalID" />
	</message>
	<message ID="REFRESH_JOB_LIST_REQUEST">
		<field name="EventType" />
		<field name="EventID" />
		<field name="UserID" />
		<field name="TerminalID" />
		<field name="TimeStamp" />
	</message>
	<message ID="DELETE_MANUAL_JOB">
		<field name="EventType" />
		<field name="EventID" />
		<field name="UserID" />
		<field name="TerminalID" />
		<field name="TimeStamp" />
		<field name="JobId" />
		<field name="MoveType" />
	</message>
	<message ID="LANGUAGES_REQ">
		<field name="EventType" />
		<field name="EventID" />
		<field name="UserID" />
		<field name="TerminalID" />
		<field name="TimeStamp" />
	</message>
	<message ID="LANGUAGE_CHANGE_REQ">
		<field name="EventType" />
		<field name="EventID" />
		<field name="UserID" />
		<field name="TerminalID" />
		<field name="TimeStamp" />
		<field name="ModifiedLang" />
	</message>
	<message ID="SWAP_REQ">
		<field name="EventType" />
		<field name="EventID" />
		<field name="UserID" />
		<field name="TerminalID" />
		<field name="TimeStamp" />
		<field name="ItvId" />
		<field name="SwapContainers" />
	</message>
	<message ID="SEAL_BROKEN_REQUEST">
		<field name="EventType" />
		<field name="EventID" />
		<field name="UserID" />
		<field name="TerminalID" />
		<field name="TimeStamp" />
		<field name="ContainerId" />
		<field name="ItvId" />
		<field name="TsAreaId" />
	</message>
	<message ID="MANUAL_DELAY_REQUEST">
		<field name="EventType" />
		<field name="EventID" />
		<field name="UserID" />
		<field name="TerminalID" />
		<field name="TimeStamp" />
		<field name="NewDelayDetails" /> <!-- delayCode^equipmentId^startTime^endTime|delayCode^equipmentId^startTime^endTime -->
		<field name="UpdateDelayDetails" />	<!-- delayId1^endTime|delayId^endTime -->
	</message>
	<message ID="CONTAINER_INQUIRY_REQUEST">
		<field name="EventType" />
		<field name="EventID" />
		<field name="UserID" />
		<field name="TerminalID" />
		<field name="TimeStamp" />
		<field name="ContainerId" />
	</message>
	<message ID="CONTAINER_DAMAGES_REQUEST">
		<field name="EventType" />
		<field name="EventID" />
		<field name="UserID" />
		<field name="TerminalID" />
		<field name="TimeStamp" />
		<field name="ContainerId" />
		<field name="MoveType" />
	</message>
	<message ID="CONTAINER_DAMAGE_CORRECTION">
		<field name="EventType" />
		<field name="EventID" />
		<field name="UserID" />
		<field name="TerminalID" />
		<field name="TimeStamp" />
		<field name="ContainerId" />
		<field name="UpdatedRecords" /> <!-- code1^location|code2^location -->
		<field name="DeletedRecords" /> <!-- code1|code2|code3 -->
		<field name="AddedRecords" /> <!-- code1^location|code2^location -->
		<field name="Remarks" />
		<field name="MoveType" />
	</message>
	<message ID="SHUFFLEJOB_REQUEST">
		<field name="EventType" />
		<field name="EventID" />
		<field name="UserID" />
		<field name="TerminalID" />
		<field name="TimeStamp" />
		<field name="ContainerId" />
		<field name="FromLocation"/>
		<field name="ToLocation"/>
	</message>
	
	<message ID="CONFIRM_SHUFFLEJOB_REQUEST">
		<field name="EventType" />
		<field name="EventID" />
		<field name="UserID" />
		<field name="TerminalID" />
		<field name="TimeStamp" />
		<field name="shuffleContainerId" />
	</message>
	<message ID="CANCEL_SHUFFLEJOB_REQUEST">
		<field name="EventType" />
		<field name="EventID" />
		<field name="UserID" />
		<field name="TerminalID" />
		<field name="TimeStamp" />
		<field name="jobListContainerId" />
	</message>
	<message ID="SHUFFLEJOB_RESPONSE">
		<field name="EventType" />
		<field name="EventID" />
		<field name="UserID" />
		<field name="TerminalID" />
		<field name="TimeStamp" />
		<field name="requestedContainer" />
		<field name="shuffledContainer" />
		<field name="currentPosition" />
		<field name="newPosition" />
	</message>
	<message ID="CONFIRM_SHUFFLEJOB_RESPONSE">
		<field name="EventType" />
		<field name="EventID" />
		<field name="TimeStamp" />
		<field name="shuffleContainerId" />
		<field name="status" />
		<field name="failureReason" />
		<field name="UserID" />
		<field name="TerminalID" />
	</message>
	<message ID="AUTOMATIC_CONFIRM_SHUFFLEJOB_RESPONSE">
		<field name="EventType" />
		<field name="EventID" />
		<field name="TimeStamp" />
		<field name="shuffleContainerId" />
		<field name="UserID" />
		<field name="TerminalID" />
	</message>

	<message ID="NEW_LOCATION_REQUEST">
	    <field name="EventType" />
		<field name="EventID" />
		<field name="UserID" />
		<field name="TerminalID" />
		<field name="TimeStamp" />
		<field name="ContainerID"/>	
	</message>
	<message ID="INVENTORY_REQUEST">
	    <field name="EventType" />
		<field name="EventID" />
		<field name="UserID" />
		<field name="TerminalID" />
		<field name="TimeStamp" />
		<field name="StackNumber"/>	
		<field name="RowNumber"/>	
	</message>
	<message ID="INVENTORY_UPDATE_REQUEST">
	    <field name="EventType" /> <!-- 3032 -->
		<field name="EventID" />
		<field name="UserID" />
		<field name="TerminalID" />
		<field name="TimeStamp" />
		<field name="ContainerId"/>	
		<field name="FromLocation"/>
		<field name="ToLocation"/>
		<field name="MoveType"/> <!-- RH -->
	</message>
	<message ID="JOB_SELECTION_REQUEST">
	    <field name="EventType" />
		<field name="EventID" />
		<field name="UserID" />
		<field name="TerminalID" />
		<field name="TimeStamp" />
		<field name="ContainerId"/>	
		<field name="MoveType"/>
		<field name="Location"/>	
	</message>
	<message ID="CANCEL_JOB_SELECTION_REQUEST">
	    <field name="EventType" />
		<field name="EventID" />
		<field name="UserID" />
		<field name="TerminalID" />
		<field name="TimeStamp" />
		<field name="ContainerId"/>	
		<field name="MoveType"/>	
	</message>
	<message ID="ACCIDENT_INCIDENT_REQUEST">
	    <field name="EventType" />
		<field name="EventID" />
		<field name="UserID" />
		<field name="TerminalID" />
		<field name="TimeStamp" />
	</message>
	<message ID="ACCIDENT_INCIDENT_CONFIRM">
	    <field name="EventType" />
		<field name="EventID" />
		<field name="UserID" />
		<field name="TerminalID" />
		<field name="TimeStamp" />
		<field name="QcId"/>	<!-- for which QC the accident has been reported -->
		<field name="CanContinueWork"/>	<!-- true/false -->
		<field name="CreateDelay"/>	<!-- T/F -->
		<field name="DelayCode"/>
	</message>
	<message ID="MOVES_TO_GO_REQUEST">
	    <field name="EventType" />
		<field name="EventID" />
		<field name="UserID" />
		<field name="TerminalID" />
		<field name="TimeStamp" />
		<field name="QcId"/>
	</message>
	<message ID="INVENTORY_UPDTE_STATUS_RESPONSE">
		<field name="EventType" /> <!-- 3033 -->
		<field name="EventID" />
		<field name="InventoryStatus" />
		<field name="ErrorMessage" />
		<field name="UserID" />
		<field name="TerminalID" />
	</message>
	<message ID="AUTO_DELAY_RECONFIRMATION">
	    <field name="EventType" />
		<field name="EventID" />
		<field name="UserID" />
		<field name="TerminalID" />
		<field name="TimeStamp" />
		<field name="CloseDelay"/> <!-- yes/no -->
		<field name="DelayCode"/>
	</message>
	<message ID="CALL_ITV">
		<field name="EventType" />
		<field name="EventID" />
		<field name="UserID" />
		<field name="TerminalID" />
		<field name="TimeStamp" />
		<field name="Code" />
	</message>
</messages>