<?xml version='1.0' encoding='utf-8'?>
<!DOCTYPE hibernate-configuration PUBLIC
"-//Hibernate/Hibernate Configuration DTD//EN"
"http://www.hibernate.org/dtd/hibernate-configuration-3.0.dtd">

<hibernate-configuration>
<session-factory>
<property name="hibernate.connection.driver_class">oracle.jdbc.driver.OracleDriver</property>
<property name="hibernate.connection.url">jdbc:oracle:thin:@//10.171.100.183:1521/HDPOEMS</property>
<property name="hibernate.connection.username">DPW</property>
<property name="hibernate.connection.password">localtesting</property>
<property name="show_sql">false</property>
<property name="dialect">org.hibernate.dialect.OracleDialect</property>
<property name="hibernate.current_session_context_class">thread</property>
<property name="hibernate.jdbc.batch_size">25</property>
<property name="hibernate.cache.use_second_level_cache">false</property>

<property name="hibernate.c3p0.min_size">5</property>
<property name="hibernate.c3p0.max_size">15</property>
<property name="hibernate.c3p0.timeout">300</property>
<property name="hibernate.c3p0.max_statements">50</property>
<property name="hibernate.c3p0.idle_test_period">100</property>
<property name="c3p0.acquire_increment">1</property>

<mapping class="com.minapro.procserver.db.Terminal"/>
<mapping class="com.minapro.procserver.db.TroubleshootAreaMaster"/>
<mapping class="com.minapro.procserver.db.ActivityCategory"/>
<mapping class="com.minapro.procserver.db.Activity"/>
<mapping class="com.minapro.procserver.db.DelayReasonCode"/>
<mapping class="com.minapro.procserver.db.EquipmentType"/>
<mapping class="com.minapro.procserver.db.Equipment"/>
<mapping class="com.minapro.procserver.db.Device"/>
<mapping class="com.minapro.procserver.db.PinningStation"/>
<mapping class="com.minapro.procserver.db.QCLane"/>
<mapping class="com.minapro.procserver.db.UserRole"/>
<mapping class="com.minapro.procserver.db.User"/>
<mapping class="com.minapro.procserver.db.UserRoleAssociation"/>
<mapping class="com.minapro.procserver.db.UserViolationAndDelay"/>
<mapping class="com.minapro.procserver.db.CheckListHeader"/>
<mapping class="com.minapro.procserver.db.CheckList"/>
<mapping class="com.minapro.procserver.db.InspectionRecord"/>
<mapping class="com.minapro.procserver.db.InspectionCheckListMapping"/>
<mapping class="com.minapro.procserver.db.UserActivityRecord"/>
<mapping class="com.minapro.procserver.db.PLCData"/>
<mapping class="com.minapro.procserver.db.CHEPLCData"/>
<mapping class="com.minapro.procserver.db.bayprofile.Vessel"/>
<mapping class="com.minapro.procserver.db.bayprofile.VesselSection"/>
<mapping class="com.minapro.procserver.db.bayprofile.Bay"/>
<mapping class="com.minapro.procserver.db.bayprofile.BayRow"/>
<mapping class="com.minapro.procserver.db.bayprofile.BayTier"/>
<mapping class="com.minapro.procserver.db.bayprofile.Cell"/>
<mapping class="com.minapro.procserver.db.bayprofile.ColourCode"/>
<mapping class="com.minapro.procserver.db.bayprofile.BerthedVessel"/>
<mapping class="com.minapro.procserver.db.bayprofile.TemplateHeader"/>
<mapping class="com.minapro.procserver.db.bayprofile.TemplateDetails"/>
<mapping class="com.minapro.procserver.db.Unit"/>
<mapping class="com.minapro.procserver.db.ApplicationParameter"/>
<mapping class="com.minapro.procserver.db.ExceptionCodeMaster"/>
<mapping class="com.minapro.procserver.db.yardview.BlkareaYpm"/>
<mapping class="com.minapro.procserver.db.yardview.BlkrowYpm"/>
<mapping class="com.minapro.procserver.db.yardview.BlkstkYpm"/>
<mapping class="com.minapro.procserver.db.yardview.CtrblkYpm"/>
<mapping class="com.minapro.procserver.db.yardview.NumsrsdtlsYpm"/>
<mapping class="com.minapro.procserver.db.yardview.NumsrshdrYpm"/>
<mapping class="com.minapro.procserver.db.CompletedContainerMoves"/>
<mapping class="com.minapro.procserver.db.LanguageMaster"/>
<mapping class="com.minapro.procserver.db.RotationControl"/>
<mapping class="com.minapro.procserver.db.RotationQCMapping"/>
<mapping class="com.minapro.procserver.db.MpMaximoStagingTable"/>
<mapping class="com.minapro.procserver.db.TroubleShootRecord"/>
<mapping class="com.minapro.procserver.db.UserDelay"/>
<mapping class="com.minapro.procserver.db.BackReachJobs"/>
<mapping class="com.minapro.procserver.db.DelayGroupMapping"/>
<mapping class="com.minapro.procserver.db.damage.DamageLocation"/>
<mapping class="com.minapro.procserver.db.damage.DamageType"/>
<mapping class="com.minapro.procserver.db.damage.DamageCode"/>
<mapping class="com.minapro.procserver.db.damage.DamageCodeLocationLink"/>
<mapping class="com.minapro.procserver.db.damage.DamageRecording"/>
<mapping class="com.minapro.procserver.db.ShiftDetails"/>
<mapping class="com.minapro.procserver.db.bayprofile.VesselException"/>
<mapping class="com.minapro.procserver.db.BusinessException"/>
<mapping class="com.minapro.procserver.db.BusinessExceptionDetails"/>
<mapping class="com.minapro.procserver.db.YardShuffleMoves"/>
<mapping class="com.minapro.procserver.db.ITVTrailerMaster"/>
<mapping class="com.minapro.procserver.db.TwinTandemJobs"/>
<mapping class="com.minapro.procserver.db.TwinTandemContainerList"/>
<mapping class ="com.minapro.procserver.db.QCJobListEntity"/>
<mapping class ="com.minapro.procserver.db.CheWeightageFactorEntity" />
<mapping class="com.minapro.procserver.db.alert.AlertParameterKey"/>
<mapping class="com.minapro.procserver.db.alert.AlertConfiguration"/>
<mapping class="com.minapro.procserver.db.alert.AlertGroupAssociation"/>
<mapping class="com.minapro.procserver.db.alert.AlertKeyValue"/>
<mapping class="com.minapro.procserver.db.alert.AlertParameterAssociation"/>
<mapping class="com.minapro.procserver.db.alert.AlertRecord"/>
<mapping class="com.minapro.procserver.db.ITVWaitingTimeEntity"/>
<mapping class="com.minapro.procserver.db.opus.joblist.OPUSQCJobListEntity"/>
<mapping class="com.minapro.procserver.db.ISOCodesMaster"/>
</session-factory>
</hibernate-configuration>