<?xml version="1.0" encoding="UTF-8"?>
<infinispan>
	<global>
		<transport nodeName="Infinispan-Node2" clusterName="infinispan-cluster">
			<properties>
				<property name="configurationFile" value="jgroups.xml" />
			</properties>
		</transport>
	</global>
	<namedCache name="JobListCache">
		<clustering mode="replication">
		</clustering>
		<expiration lifespan="60000" maxIdle="60000" />
	</namedCache>
	<namedCache name="CompletedJobListCache">
		<clustering mode="replication">
		</clustering>
		<expiration lifespan="-1" maxIdle="-1" />
	</namedCache>
	<namedCache name="EquipmentCache">
		<clustering mode="replication">
		</clustering>
		<expiration lifespan="-1" maxIdle="-1" />
	</namedCache>

	<namedCache name="UserCache">
		<clustering mode="replication">
		</clustering>
		<expiration lifespan="-1" maxIdle="-1" />
	</namedCache>

	<namedCache name="UserAllocationCache">
		<clustering mode="replication">
		</clustering>
		<expiration lifespan="-1" maxIdle="-1" />
	</namedCache>

	<namedCache name="QCLaneCache">
		<clustering mode="replication">
		</clustering>
		<expiration lifespan="-1" maxIdle="-1" />
	</namedCache>

	<namedCache name="DelayReasonCache">
		<clustering mode="replication">
		</clustering>
		<expiration lifespan="-1" maxIdle="-1" />
	</namedCache>

	<namedCache name="TroubleshootAreaCache">
		<clustering mode="replication">
		</clustering>
		<expiration lifespan="-1" maxIdle="-1" />
	</namedCache>

	<namedCache name="OperatorWorkingStatus">
		<clustering mode="replication">
		</clustering>
		<expiration lifespan="-1" maxIdle="-1" />
	</namedCache>

	<namedCache name="OperatorBreakTimings">
		<clustering mode="replication">
		</clustering>
		<expiration lifespan="-1" maxIdle="-1" />
	</namedCache>

	<namedCache name="OperatorOverAllBreakTime">
		<clustering mode="replication">
		</clustering>
		<expiration lifespan="-1" maxIdle="-1" />
	</namedCache>

	<namedCache name="TroubleshootRequestsCache">
		<clustering mode="replication">
		</clustering>
		<expiration lifespan="-1" maxIdle="-1" />
	</namedCache>

	<namedCache name="PinningStationCache">
		<clustering mode="replication">
		</clustering>
		<expiration lifespan="-1" maxIdle="-1" />
	</namedCache>

	<namedCache name="QCToPinningStationMap">
		<clustering mode="replication">
		</clustering>
		<expiration lifespan="-1" maxIdle="-1" />
	</namedCache>

	<namedCache name="PendingItvInstructionCache">
		<clustering mode="replication">
		</clustering>
		<expiration lifespan="-1" maxIdle="-1" />
	</namedCache>

	<namedCache name="DeviceCommParameterCache">
		<clustering mode="replication">
		</clustering>
		<expiration lifespan="-1" maxIdle="-1" />
	</namedCache>

	<namedCache name="DeviceEventTypeCache">
		<clustering mode="replication">
		</clustering>
		<expiration lifespan="-1" maxIdle="-1" />
	</namedCache>

	<namedCache name="EventFormatCache">
		<clustering mode="replication">
		</clustering>
		<expiration lifespan="-1" maxIdle="-1" />
	</namedCache>

	<namedCache name="QcToLaneMappingCache">
		<clustering mode="replication">
		</clustering>
		<expiration lifespan="-1" maxIdle="-1" />
	</namedCache>

	<namedCache name="VesselToPinningStationMappingCache">
		<clustering mode="replication">
		</clustering>
		<expiration lifespan="-1" maxIdle="-1" />
	</namedCache>

	<namedCache name="ItvCurrentLocationCache">
		<clustering mode="replication">
		</clustering>
		<expiration lifespan="-1" maxIdle="-1" />
	</namedCache>

	<namedCache name="locationToUserMappingCache">
		<clustering mode="replication">
		</clustering>
		<expiration lifespan="-1" maxIdle="-1" />
	</namedCache>

	<namedCache name="DeviceCache">
		<clustering mode="replication">
		</clustering>
		<expiration lifespan="-1" maxIdle="-1" />
	</namedCache>

	<namedCache name="DeviceToUserMappingCache">
		<clustering mode="replication">
		</clustering>
		<expiration lifespan="-1" maxIdle="-1" />
	</namedCache>

	<namedCache name="ActivityCache">
		<clustering mode="replication">
		</clustering>
		<expiration lifespan="-1" maxIdle="-1" />
	</namedCache>

	<namedCache name="UserViolationCache">
		<clustering mode="replication">
		</clustering>
		<expiration lifespan="-1" maxIdle="-1" />
	</namedCache>

	<namedCache name="checkListPerRoleCache">
		<clustering mode="replication">
		</clustering>
		<expiration lifespan="-1" maxIdle="-1" />
	</namedCache>

	<namedCache name="checkListCache">
		<clustering mode="replication">
		</clustering>
		<expiration lifespan="-1" maxIdle="-1" />
	</namedCache>

	<namedCache name="inspectionRecordCache">
		<clustering mode="replication">
		</clustering>
		<expiration lifespan="-1" maxIdle="-1" />
	</namedCache>

	<namedCache name="ItvPoolCache">
		<clustering mode="replication">
		</clustering>
		<expiration lifespan="-1" maxIdle="-1" />
	</namedCache>

	<namedCache name="ContainerCache">
		<clustering mode="replication">
		</clustering>
		<expiration lifespan="-1" maxIdle="-1" />
	</namedCache>

	<namedCache name="BaySectionMapppingCache">
		<clustering mode="replication">
		</clustering>
		<expiration lifespan="-1" maxIdle="-1" />
	</namedCache>

	<namedCache name="SectionBayProfileCache">
		<clustering mode="replication">
		</clustering>
		<expiration lifespan="-1" maxIdle="-1" />
	</namedCache>

	<namedCache name="QCFirstTimeJobdone">
		<clustering mode="replication">
		</clustering>
		<expiration lifespan="-1" maxIdle="-1" />
	</namedCache>

	<namedCache name="EquipmentUserMappingCache">
		<clustering mode="replication">
		</clustering>
		<expiration lifespan="-1" maxIdle="-1" />
	</namedCache>

	<namedCache name="InitialPlannedMovesperUserCache">
		<clustering mode="replication">
		</clustering>
		<expiration lifespan="-1" maxIdle="-1" />
	</namedCache>

	<namedCache name="RemainingPlannedMovesperUserCache">
		<clustering mode="replication">
		</clustering>
		<expiration lifespan="-1" maxIdle="-1" />
	</namedCache>

	<namedCache name="UsertoLoginTimeCache">
		<clustering mode="replication">
		</clustering>
		<expiration lifespan="-1" maxIdle="-1" />
	</namedCache>

	<namedCache name="QCUserMovesperHourCache">
		<clustering mode="replication">
		</clustering>
		<expiration lifespan="-1" maxIdle="-1" />
	</namedCache>

	<namedCache name="UserJobDoneCounter">
		<clustering mode="replication">
		</clustering>
		<expiration lifespan="-1" maxIdle="-1" />
	</namedCache>

	<namedCache name="RotationToVesselCodeMappingCache">
		<clustering mode="replication">
		</clustering>
		<expiration lifespan="-1" maxIdle="-1" />
	</namedCache>

	<namedCache name="QCCurrentCellLocation">
		<clustering mode="replication">
		</clustering>
		<expiration lifespan="-1" maxIdle="-1" />
	</namedCache>

	<namedCache name="ColourCodeCache">
		<clustering mode="replication">
		</clustering>
		<expiration lifespan="-1" maxIdle="-1" />
	</namedCache>

	<namedCache name="moveTypeCache">
		<clustering mode="replication">
		</clustering>
		<expiration lifespan="-1" maxIdle="-1" />
	</namedCache>

	<namedCache name="LoggedInUserRoleMap">
		<clustering mode="replication">
		</clustering>
		<expiration lifespan="-1" maxIdle="-1" />
	</namedCache>

	<namedCache name="userToUnlockPositionCache">
		<clustering mode="replication">
		</clustering>
		<expiration lifespan="-1" maxIdle="-1" />
	</namedCache>

	<namedCache name="LoggedInQCUsersCache">
		<clustering mode="replication">
			<async useReplQueue="true" replQueueInterval="10000"
				replQueueMaxElements="500" />
		</clustering>
		<expiration lifespan="-1" maxIdle="-1" />
	</namedCache>

	<namedCache name="LoggedInCHEUsersCache">
		<clustering mode="replication">
			<async useReplQueue="true" replQueueInterval="10000"
				replQueueMaxElements="500" />
		</clustering>
		<expiration lifespan="-1" maxIdle="-1" />
	</namedCache>

	<namedCache name="PLCIgnoreCache">
		<clustering mode="replication">
		</clustering>
		<expiration lifespan="-1" maxIdle="-1" />
	</namedCache>

	<namedCache name="ApplicationParametersCache">
		<clustering mode="replication">
		</clustering>
		<expiration lifespan="-1" maxIdle="-1" />
	</namedCache>

	<namedCache name="QCUserRowsCache">
		<clustering mode="replication">
		</clustering>
		<expiration lifespan="-1" maxIdle="-1" />
	</namedCache>

	<namedCache name="QCUserPreviousIndexCache">
		<clustering mode="replication">
		</clustering>
		<expiration lifespan="-1" maxIdle="-1" />
	</namedCache>

	<namedCache name="QCUserPreviousBayCache">
		<clustering mode="replication">
		</clustering>
		<expiration lifespan="-1" maxIdle="-1" />
	</namedCache>

	<namedCache name="UsertoBackreachCache">
		<clustering mode="replication">
		</clustering>
		<expiration lifespan="-1" maxIdle="-1" />
	</namedCache>

	<namedCache name="BackreachTypeCache">
		<clustering mode="replication">
		</clustering>
		<expiration lifespan="-1" maxIdle="-1" />
	</namedCache>

	<namedCache name="BackReachJobListCache">
		<clustering mode="replication">
		</clustering>
		<expiration lifespan="-1" maxIdle="-1" />
	</namedCache>

	<namedCache name="SpreaderStatusCache">
		<clustering mode="replication">
		</clustering>
		<expiration lifespan="-1" maxIdle="-1" />
	</namedCache>

	<namedCache name="WorkingSpreaderCache">
		<clustering mode="replication">
		</clustering>
		<expiration lifespan="-1" maxIdle="-1" />
	</namedCache>

	<namedCache name="Spreader1unlockstatusCache">
		<clustering mode="replication">
		</clustering>
		<expiration lifespan="-1" maxIdle="-1" />
	</namedCache>

	<namedCache name="SpreaderSizeCache">
		<clustering mode="replication">
		</clustering>
		<expiration lifespan="-1" maxIdle="-1" />
	</namedCache>

	<namedCache name="ContainerWeightCache">
		<clustering mode="replication">
		</clustering>
		<expiration lifespan="-1" maxIdle="-1" />
	</namedCache>

	<namedCache name="TandemDetectionCache">
		<clustering mode="replication">
		</clustering>
		<expiration lifespan="-1" maxIdle="-1" />
	</namedCache>

	<namedCache name="SpreaderLockCountCache">
		<clustering mode="replication">
		</clustering>
		<expiration lifespan="-1" maxIdle="-1" />
	</namedCache>
	<namedCache name="SpreaderSizeCapturedCache">
		<clustering mode="replication">
		</clustering>
		<expiration lifespan="-1" maxIdle="-1" />
	</namedCache>
	<namedCache name="containerLiftedCache">
		<clustering mode="replication">
		</clustering>
		<expiration lifespan="-1" maxIdle="-1" />
	</namedCache>
	<namedCache name="previousJobTypeCache">
		<clustering mode="replication">
		</clustering>
		<expiration lifespan="-1" maxIdle="-1" />
	</namedCache>
	<namedCache name="VesselBerthSideCache">
		<clustering mode="replication">
		</clustering>
		<expiration lifespan="-1" maxIdle="-1" />
	</namedCache>

	<namedCache name="BlockIdToStacksCache">
		<clustering mode="replication">
		</clustering>
		<expiration lifespan="-1" maxIdle="-1" />
	</namedCache>

	<namedCache name="BlockIdToRowsCache">
		<clustering mode="replication">
		</clustering>
		<expiration lifespan="-1" maxIdle="-1" />
	</namedCache>

	<namedCache name="BlockIdToYardProfile">
		<clustering mode="replication">
		</clustering>
		<expiration lifespan="-1" maxIdle="-1" />
	</namedCache>

	<namedCache name="BlockToContainersCache">
		<clustering mode="replication">
		</clustering>
		<expiration lifespan="-1" maxIdle="-1" />
	</namedCache>
	<namedCache name="stopPLCCache">
		<clustering mode="replication">
		</clustering>
		<expiration lifespan="-1" maxIdle="-1" />
	</namedCache>

	<namedCache name="stopRMGPLCCache">
		<clustering mode="replication">
		</clustering>
		<expiration lifespan="-1" maxIdle="-1" />
	</namedCache>

	<namedCache name="QCUserPreviousTierIndexCache">
		<clustering mode="replication">
		</clustering>
		<expiration lifespan="-1" maxIdle="-1" />
	</namedCache>
	<namedCache name="QCUserTiersCache">
		<clustering mode="replication">
		</clustering>
		<expiration lifespan="-1" maxIdle="-1" />
	</namedCache>
	<namedCache name="sameLocationDetectedCache">
		<clustering mode="replication">
		</clustering>
		<expiration lifespan="-1" maxIdle="-1" />
	</namedCache>
	<namedCache name="userToRotationIdCache">
		<clustering mode="replication">
		</clustering>
		<expiration lifespan="-1" maxIdle="-1" />
	</namedCache>
	<namedCache name="currentJobTypeCache">
		<clustering mode="replication">
		</clustering>
		<expiration lifespan="-1" maxIdle="-1" />
	</namedCache>
	<namedCache name="gantryDirectionCache">
		<clustering mode="replication">
		</clustering>
		<expiration lifespan="-1" maxIdle="-1" />
	</namedCache>
	<namedCache name="RotationToQCCache">
		<clustering mode="replication">
		</clustering>
		<expiration lifespan="-1" maxIdle="-1" />
	</namedCache>
	<namedCache name="QCToRotationCache">
		<clustering mode="replication">
		</clustering>
		<expiration lifespan="-1" maxIdle="-1" />
	</namedCache>
	<namedCache name="UserEquipmentMappingCache">
		<clustering mode="replication">
		</clustering>
		<expiration lifespan="-1" maxIdle="-1" />
	</namedCache>
	<namedCache name="HoursWorkedCache">
		<clustering mode="replication">
		</clustering>
		<expiration lifespan="-1" maxIdle="-1" />
	</namedCache>
	<namedCache name="BerthedVesselList">
		<clustering mode="replication">
		</clustering>
		<expiration lifespan="-1" maxIdle="-1" />
	</namedCache>
	<namedCache name="VesselTemplateCache">
		<clustering mode="replication">
		</clustering>
		<expiration lifespan="-1" maxIdle="-1" />
	</namedCache>
	<namedCache name="userToContainerDetailsCache">
		<clustering mode="replication">
		</clustering>
		<expiration lifespan="-1" maxIdle="-1" />
	</namedCache>
	<namedCache name="SchedulerMap">
		<clustering mode="replication">
		</clustering>
		<expiration lifespan="-1" maxIdle="-1" />
	</namedCache>
	<namedCache name="HcToQcMap">
		<clustering mode="replication">
		</clustering>
		<expiration lifespan="-1" maxIdle="-1" />
	</namedCache>
	<namedCache name="QcToHcMap">
		<clustering mode="replication">
		</clustering>
		<expiration lifespan="-1" maxIdle="-1" />
	</namedCache>
	<namedCache name="rowChangeByRMGCache">
		<clustering mode="replication">
		</clustering>
		<expiration lifespan="-1" maxIdle="-1" />
	</namedCache>
	<namedCache name="ItvToCntrMap">
		<clustering mode="replication">
		</clustering>
		<expiration lifespan="-1" maxIdle="-1" />
	</namedCache>
	<namedCache name="CompletedTroubleShootRecordCache">
		<clustering mode="replication">
		</clustering>
		<expiration lifespan="86400000" maxIdle="86400000" />
	</namedCache>
	<namedCache name="RobContainerListCache">
		<clustering mode="replication">
		</clustering>
		<expiration lifespan="-1" maxIdle="-1" />
	</namedCache>
	<namedCache name="UserRoleMap">
		<clustering mode="replication">
		</clustering>
		<expiration lifespan="-1" maxIdle="-1" />
	</namedCache>
	<namedCache name="BlockToRowMaxWrkStkCache">
		<clustering mode="replication">
		</clustering>
		<expiration lifespan="-1" maxIdle="-1" />
	</namedCache>
	<namedCache name="BlockToStack40ftValuesCache">
		<clustering mode="replication">
		</clustering>
		<expiration lifespan="-1" maxIdle="-1" />
	</namedCache>
	<namedCache name="OpenDelayCache">
		<clustering mode="replication">
		</clustering>
		<expiration lifespan="-1" maxIdle="-1" />
	</namedCache>
	<namedCache name="ITVTrailerMap">
		<clustering mode="replication">
		</clustering>
		<expiration lifespan="-1" maxIdle="-1" />
	</namedCache>
	<namedCache name="shuffleJobListCache">
		<clustering mode="replication">
		</clustering>
		<expiration lifespan="-1" maxIdle="-1" />
	</namedCache>
	<namedCache name="VesselLocationToItvMap">
		<clustering mode="replication">
		</clustering>
		<expiration lifespan="-1" maxIdle="-1" />
	</namedCache>
	<namedCache name="TerminalToShiftMAp">
		<clustering mode="replication">
		</clustering>
		<expiration lifespan="-1" maxIdle="-1" />
	</namedCache>
	<namedCache name="ItvToPinningMap">
		<clustering mode="replication">
		</clustering>
		<expiration lifespan="-1" maxIdle="-1" />
	</namedCache>
	<namedCache name="SelectedJobCache">
		<clustering mode="replication">
		</clustering>
		<expiration lifespan="-1" maxIdle="-1" />
	</namedCache>
	<namedCache name="PreJobConfirmationFailureCache">
		<clustering mode="replication">
		</clustering>
		<expiration lifespan="-1" maxIdle="-1" />
	</namedCache>
	<!-- Cache Is Realted To MainTain CHE Weighate Factor Master Table Data 
	Added By UmaMahesh-->
	<namedCache name="CheWeightageDetailsCache">
		<clustering mode="replication">
		</clustering>
		<expiration lifespan="-1" maxIdle="-1" />
	</namedCache>
	<namedCache name="ITVFetchContainerCache">
		<clustering mode="replication">
		</clustering>
		<expiration lifespan="-1" maxIdle="-1" />
	</namedCache>
	
	<namedCache name="EquipmentJobListReqStatusCache">
		<clustering mode="replication">
		</clustering>
		<expiration lifespan="-1" maxIdle="-1" />
	</namedCache>
	
	<namedCache name="PendingContainerMoveCache">
		<clustering mode="replication">
		</clustering>
		<expiration lifespan="3600000" maxIdle="3600000" />
	</namedCache>
	
	<namedCache name="YardBlockDetails">
		<clustering mode="replication">
		</clustering>
		<expiration lifespan="-1" maxIdle="-1" />
	</namedCache>
	
	<namedCache name="EquipmentPLCEventStatus">
		<clustering mode="replication">
		</clustering>
		<expiration lifespan="-1" maxIdle="-1" />
	</namedCache>
	
	<namedCache name="ISOCodesCache">
		<clustering mode="replication">
		</clustering>
		<expiration lifespan="-1" maxIdle="-1" />
	</namedCache>
	
	<namedCache name="userToFromLocationAndContainerDetailsCache">
		<clustering mode="replication">
		</clustering>
		<expiration lifespan="-1" maxIdle="-1" />
	</namedCache>
	
</infinispan>