<?xml version="1.0" encoding="UTF-8"?>
<beans xmlns="http://www.springframework.org/schema/beans"
	xmlns:xsi="http://www.w3.org/2001/XMLSchema-instance" xmlns:mvc="http://www.springframework.org/schema/mvc"
	xmlns:context="http://www.springframework.org/schema/context"
	xsi:schemaLocation="
        http://www.springframework.org/schema/beans http://www.springframework.org/schema/beans/spring-beans-3.0.xsd
        http://www.springframework.org/schema/context http://www.springframework.org/schema/context/spring-context-3.0.xsd
        http://www.springframework.org/schema/mvc http://www.springframework.org/schema/mvc/spring-mvc-3.0.xsd">

	<!-- Configures the @Controller programming model -->
    <mvc:annotation-driven />

	<mvc:default-servlet-handler />

	<bean id="viewResolver"
		class="org.springframework.web.servlet.view.InternalResourceViewResolver">
		<property name="viewClass"
			value="org.springframework.web.servlet.view.JstlView" />
		<property name="prefix">
			<value>/WEB-INF/jsp/</value>
		</property>
		<property name="suffix" value=".jsp" />
	</bean>

	<mvc:resources mapping="/resources/**" location="/resources/" />
	<mvc:resources mapping="/resources/css/**" location="/resources/css/" />
	<mvc:resources mapping="/resources/extjs/**" location="/resources/extjs/" />
	<mvc:resources mapping="/resources/js/**" location="/resources/js/" />
	<mvc:resources mapping="/resources/icons/**" location="/resources/icons/" />
	<mvc:resources mapping="/resources/images/**" location="/resources/images/" />
</beans>

