<?xml version="1.0" encoding="UTF-8"?>
<beans xmlns="http://www.springframework.org/schema/beans"
	xmlns:xsi="http://www.w3.org/2001/XMLSchema-instance" xmlns:mvc="http://www.springframework.org/schema/mvc"
	xmlns:context="http://www.springframework.org/schema/context"
	xmlns:aop="http://www.springframework.org/schema/aop"
	xsi:schemaLocation="
        http://www.springframework.org/schema/beans 
        http://www.springframework.org/schema/beans/spring-beans-3.0.xsd
        http://www.springframework.org/schema/context 
        http://www.springframework.org/schema/context/spring-context-3.0.xsd
        http://www.springframework.org/schema/mvc 
        http://www.springframework.org/schema/mvc/spring-mvc-3.0.xsd
        http://www.springframework.org/schema/aop 
        http://www.springframework.org/schema/aop/spring-aop-3.0.xsd ">

	<!-- Scans the classpath of this application for @Components to deploy as beans -->
	<context:component-scan base-package="com.cmc.dpw.minapro.admin,com.cmc.dpw.minapro.admin.web.security,com.cmc.dpw.minapro.admin.application.opus" />

	<!-- Configures the @Controller programming model -->
	<mvc:annotation-driven />

	<bean id="dmlMethodInterceptor"
		class="com.cmc.dpw.minapro.admin.domain.utils.DmlMethodInterceptor" />

	<bean id="mapper" class="org.dozer.DozerBeanMapper">
		<property name="mappingFiles">
			<list>
				<value>dozer-mapper.xml</value>
			</list>
		</property>
	</bean>

	<aop:config>
		<aop:pointcut id="allServiceMethods"
			expression="execution(* com.cmc.dpw.minapro.admin.application.services.*.*(..))" />
		<aop:advisor pointcut-ref="allServiceMethods" advice-ref="dmlMethodInterceptor"
			order="2" />
	</aop:config>

	<!-- Configures Hibernate - Database Config -->
	<import resource="db-config.xml" />

</beans>

