<?xml version="1.0" encoding="UTF-8"?>
<beans xmlns="http://www.springframework.org/schema/beans"
	xmlns:xsi="http://www.w3.org/2001/XMLSchema-instance" xmlns:tx="http://www.springframework.org/schema/tx"
	xmlns:aop="http://www.springframework.org/schema/aop" xmlns:context="http://www.springframework.org/schema/context"
	xsi:schemaLocation="
        http://www.springframework.org/schema/beans http://www.springframework.org/schema/beans/spring-beans-3.0.xsd
        http://www.springframework.org/schema/tx http://www.springframework.org/schema/tx/spring-tx-3.0.xsd
         http://www.springframework.org/schema/context
            http://www.springframework.org/schema/context/spring-context-3.0.xsd

        http://www.springframework.org/schema/aop http://www.springframework.org/schema/aop/spring-aop-3.0.xsd">

	<context:property-placeholder location="classpath:config.properties" />

	<bean id="dataSource" class="org.springframework.jndi.JndiObjectFactoryBean"
		scope="singleton">
		<property name="jndiName" value="${dataSource}" />
		<property name="resourceRef" value="true" />
	</bean>

	<bean id="opusDataSource" class="org.springframework.jndi.JndiObjectFactoryBean"
		scope="singleton">
		<property name="jndiName" value="${opusDataSource}" />
		<property name="resourceRef" value="true" />
	</bean>

	<!-- Hibernate SessionFactory -->
	<bean id="sessionFactory"
		class="org.springframework.orm.hibernate3.annotation.AnnotationSessionFactoryBean">
		<property name="dataSource">
			<ref local="dataSource" />
		</property>
		<property name="packagesToScan"
			value="com.cmc.dpw.minapro.admin.application.entities" />
		<property name="hibernateProperties">
			<props>
				<prop key="hibernate.dialect">org.hibernate.dialect.Oracle10gDialect</prop>
				<prop key="hibernate.show_sql">false</prop>
				<prop key="hibernate.c3p0.min_size">5</prop>
				<prop key="hibernate.c3p0.max_size">15</prop>
				<prop key="hibernate.c3p0.timeout">300</prop>
				<prop key="hibernate.c3p0.max_statements">50</prop>
				<prop key="hibernate.c3p0.idle_test_period">100</prop>
				<prop key="c3p0.acquire_increment">1</prop>
			</props>
		</property>

	</bean>


	<bean id="opusSessionFactory"
		class="org.springframework.orm.hibernate3.annotation.AnnotationSessionFactoryBean">
		<property name="dataSource">
			<ref local="opusDataSource" />
		</property>
		<property name="packagesToScan"
			value="com.cmc.dpw.minapro.admin.application.opus.entities" />
		<property name="hibernateProperties">
			<props>
				<prop key="hibernate.dialect">org.hibernate.dialect.Oracle10gDialect</prop>
				<prop key="hibernate.show_sql">false</prop>
				<prop key="hibernate.c3p0.min_size">5</prop>
				<prop key="hibernate.c3p0.max_size">15</prop>
				<prop key="hibernate.c3p0.timeout">300</prop>
				<prop key="hibernate.c3p0.max_statements">50</prop>
				<prop key="hibernate.c3p0.idle_test_period">100</prop>
				<prop key="c3p0.acquire_increment">1</prop>
			</props>
		</property>

	</bean>

	<!-- Transaction manager for a single Hibernate SessionFactory (alternative 
		to JTA) -->
	<tx:annotation-driven />
	<bean id="transactionManager"
		class="org.springframework.orm.hibernate3.HibernateTransactionManager">
		<property name="sessionFactory">
			<ref local="sessionFactory" />
		</property>
	</bean>

	<bean id="opusTransactionManager"
		class="org.springframework.orm.hibernate3.HibernateTransactionManager">
		<property name="sessionFactory">
			<ref local="opusSessionFactory" />
		</property>
	</bean>
</beans>
