<beans:beans xmlns="http://www.springframework.org/schema/security"
	xmlns:beans="http://www.springframework.org/schema/beans" xmlns:mvc="http://www.springframework.org/schema/mvc"
	xmlns:xsi="http://www.w3.org/2001/XMLSchema-instance" xmlns:context="http://www.springframework.org/schema/context"
	xsi:schemaLocation="http://www.springframework.org/schema/beans
    http://www.springframework.org/schema/beans/spring-beans-3.0.xsd
    http://www.springframework.org/schema/security
    http://www.springframework.org/schema/security/spring-security-3.2.xsd
    http://www.springframework.org/schema/mvc http://www.springframework.org/schema/mvc/spring-mvc-3.0.xsd
    http://www.springframework.org/schema/context http://www.springframework.org/schema/context/spring-context-3.0.xsd">

	<mvc:annotation-driven />

	<context:component-scan
		base-package="com.cmc.dpw.minapro.admin,com.cmc.dpw.minapro.admin.web.security" />

	<http pattern="/resources/css/**" security="none" />
	<http pattern="/resources/extjs/**" security="none" />
	<http pattern="/resources/images/**" security="none" />
	<http pattern="/resources/js/crypto/**" security="none" />
	<http pattern="/resources/js/app.js" security="none" />
	<http pattern="/resources/js/common/**" security="none" />
	<http pattern="/resources/js/modules/**" security="none" />
	<http pattern="/resources/js/layouts/**" security="none" />
	<http pattern="/resources/js/model/**" security="none" />
	<http pattern="/resources/js/plugins/**" security="none" />
	<http pattern="/resources/js/jquery/**" security="none" />


	<http auto-config="false" use-expressions="true">
		<intercept-url pattern="/login*" access="isAnonymous()" />
		<intercept-url pattern="/error*" access="isAnonymous()" />
		<intercept-url pattern="/**" access="isAuthenticated()" />

		<form-login login-page="/login" login-processing-url="/user/login"
			default-target-url="/welcome" authentication-failure-url="/login?error"
			username-parameter="username" always-use-default-target="true"
			password-parameter="password" />
		<logout logout-url="/user/logout" delete-cookies="JSESSIONID"
			success-handler-ref="customLogoutSuccessHandler" />
	</http>

	<authentication-manager alias="authenticationManager">
		<authentication-provider ref="customAuthenticationProvider" />
	</authentication-manager>

</beans:beans>