<?xml version="1.0" encoding="UTF-8"?>
<!-- Configures the Camel Context -->

<beans xmlns="http://www.springframework.org/schema/beans"
	xmlns:xsi="http://www.w3.org/2001/XMLSchema-instance" xmlns:camel="http://camel.apache.org/schema/spring"
	xsi:schemaLocation="
       http://www.springframework.org/schema/beans http://www.springframework.org/schema/beans/spring-beans.xsd
       http://camel.apache.org/schema/spring http://camel.apache.org/schema/spring/camel-spring.xsd">

	<!-- Importing the routes from other route files , which are available -->
	<import resource="RouteContext.xml" />

	<bean id="routeProps"
		class="org.springframework.beans.factory.config.PropertyPlaceholderConfigurer">
		<property name="location" value="file:///home/fuse/atom-queue.properties" />
	</bean>
	
	<!-- Initializing the JMS connection -->
	<bean id="jmsConnectionFactory" class="org.apache.activemq.ActiveMQConnectionFactory">
		<!-- Enter the queue URL in the value along with the listening port and 
			change timer endpoint to QC Queue name as activemq:QueueName and remove the -->
		        <property name="brokerURL" value="tcp://${ip}:${port}" />
				<property name="userName"  value="${userName}" />
                <property name="password"  value="${password}" />
               <!--  <property name="trustAllPackages" value="true" /> -->
	</bean>

	<bean id="pooledConnectionFactory" class="org.apache.activemq.pool.PooledConnectionFactory"
		init-method="start" destroy-method="stop">
		<property name="maxConnections" value="${QUEUE_maxConnections}" />
		<!-- <property name="maximumActive" value="500" /> -->
		<property name="connectionFactory" ref="jmsConnectionFactory" />
	</bean>

	<bean id="jmsConfig" class="org.apache.camel.component.jms.JmsConfiguration">
		<property name="connectionFactory" ref="pooledConnectionFactory" />
		<property name="concurrentConsumers" value="${QUEUE_concurrentConsumers}" />
	</bean>

	<!-- Setting up the ActiveMQ component , for camel endpoint to interact 
		with -->
	<bean id="activemq" class="org.apache.activemq.camel.component.ActiveMQComponent">
		<property name="configuration" ref="jmsConfig" />
	</bean>

	<!-- ~~~~~~~~~~~~~~~~~~~~~~~~~~~~~~~ -->

	<bean id="jmsConnectionFactoryFuse" class="org.apache.activemq.ActiveMQConnectionFactory">
		<property name="brokerURL" value="tcp://${ip}:${port}" />
		<property name="userName"  value="${userName}" />
        <property name="password"  value="${password}" />
       <!--  <property name="trustAllPackages" value="true" /> -->
		<!-- <property name="brokerURL" value="tcp://172.20.27.200:61616" /> <property 
			name="userName" value="admin" /> <property name="password" value="admin" 
			/> -->
	</bean>
	<bean id="pooledConnectionFactoryFuse" class="org.apache.activemq.pool.PooledConnectionFactory"
		init-method="start" destroy-method="stop">
		<property name="maxConnections" value="${QUEUE_maxConnections}" />
		<!-- <property name="maximumActive" value="500" /> -->
		<property name="connectionFactory" ref="jmsConnectionFactoryFuse" />
	</bean>
	<bean id="jmsConfigFuse" class="org.apache.camel.component.jms.JmsConfiguration">
		<property name="connectionFactory" ref="pooledConnectionFactoryFuse" />
		<property name="concurrentConsumers" value="${QUEUE_concurrentConsumers}" />
	</bean>
	<bean id="activemqFuse" class="org.apache.activemq.camel.component.ActiveMQComponent">
		<property name="configuration" ref="jmsConfigFuse" />
	</bean>

	<!-- Initializing the DataSource , for JDBC interaction -->
	<!-- <bean id="dataSource" class="org.apache.commons.dbcp.BasicDataSource" 
		destroy-method="close"> <property name="driverClassName" value="com.mysql.jdbc.Driver" 
		/> <property name="url" value="jdbc:mysql://127.0.0.1:3306/fuse" /> <property 
		name="username" value="root" /> <property name="password" value="root" /> 
		<property name="removeAbandoned" value="true" /> <property name="initialSize" 
		value="20" /> <property name="maxActive" value="30" /> </bean> -->

	<bean id="PromisDataSource" class="org.apache.commons.dbcp.BasicDataSource"
		destroy-method="close">
		<property name="driverClassName" value="oracle.jdbc.driver.OracleDriver" />

		<property name="url"
			value="jdbc:oracle:thin:@${DPRDT_ip}:${DPRDT_port}:${DPRDT_sid}" />
		<property name="username" value="${DPRDT_username}" />
		<property name="password" value="${DPRDT_password}" />
		<property name="removeAbandoned" value="${DPRDT_removeAbandoned}" />
		<property name="initialSize" value="${DPRDT_initialSize}" />
		<property name="maxActive" value="${DPRDT_maxActive}" />


		<!-- <property name="url" value="jdbc:oracle:thin:@172.20.27.90:1679:DPRDT" 
			/> -->
		<!-- <property name="username" value="prmain_dba" /> -->
		<!-- <property name="password" value="prmain_dba" /> -->
		<!-- <property name="removeAbandoned" value="true" /> -->
		<!-- <property name="initialSize" value="20" /> -->
		<!-- <property name="maxActive" value="30" /> -->
	</bean>


	<bean id="PRTOSD" class="org.apache.commons.dbcp.BasicDataSource"
		destroy-method="close">
		<property name="driverClassName" value="oracle.jdbc.driver.OracleDriver" />

		<!-- <property name="url" value="jdbc:oracle:thin:@172.20.27.90:1630:PRTOSD" 
			/> -->
		<!-- <property name="username" value="dpwjabpa" /> -->
		<!-- <property name="password" value="dpwjabpa" /> -->
		<!-- <property name="removeAbandoned" value="true" /> -->
		<!-- <property name="initialSize" value="20" /> -->
		<!-- <property name="maxActive" value="30" /> -->

		<property name="url"
			value="jdbc:oracle:thin:@${PRTOSD_ip}:${PRTOSD_port}:${PRTOSD_sid}" />
		<property name="username" value="${PRTOSD_username}" />
		<property name="password" value="${PRTOSD_password}" />
		<property name="removeAbandoned" value="${PRTOSD_removeAbandoned}" />
		<property name="initialSize" value="${PRTOSD_initialSize}" />
		<property name="maxActive" value="${PRTOSD_maxActive}" />
	</bean>

	<bean id="PRTOSD_MP" class="org.apache.commons.dbcp.BasicDataSource"
		destroy-method="close">
		<property name="driverClassName" value="oracle.jdbc.driver.OracleDriver" />
		<property name="url"
			value="jdbc:oracle:thin:@${PRTOSDMP_ip}:${PRTOSDMP_port}:${PRTOSDMP_sid}" />
		<property name="username" value="${PRTOSDMP_username}" />
		<property name="password" value="${PRTOSDMP_password}" />
		<property name="removeAbandoned" value="${PRTOSDMP_removeAbandoned}" />
		<property name="initialSize" value="${PRTOSDMP_initialSize}" />
		<property name="maxActive" value="${PRTOSDMP_maxActive}" />
	</bean>

	<bean id="TOSADMDataSource" class="org.apache.commons.dbcp.BasicDataSource"
		destroy-method="close">
		<property name="driverClassName" value="oracle.jdbc.driver.OracleDriver" />
		<property name="url"
			value="jdbc:oracle:thin:@${TOSADM_ip}:${TOSADM_port}:${TOSADM_sid}" />
		<property name="username" value="${TOSADM_username}" />
		<property name="password" value="${TOSADM_password}" />
		<property name="removeAbandoned" value="${TOSADM_removeAbandoned}" />
		<property name="initialSize" value="${TOSADM_initialSize}" />
		<property name="maxActive" value="${TOSADM_maxActive}" />
	</bean>
	
	<!-- BEAN INITIALIZATIONS -->
	<!-- Login Event Processor beans initialization for all operators -->
	<bean id="CHELoginEventProcessor" class="com.minapro.esb.processor.che.CHELoginEventProcessor" />

	<!-- Confirm Allocation Event Processor beans initialization for all operators -->

	<bean id="CHEYardView" class="com.minapro.esb.processor.che.CHEYardView" />

	<bean id="CHEReeferContainerProcessor"
		class="com.minapro.esb.processor.che.CHEReeferContainerProcessor" />

	<bean id="rostimaProcessor" class="com.minapro.esb.processor.RostimaProcessor" />
	<!-- Temporary drive instruction bean initialization for ITV operator , 
		scope is valid till endpoint data is retrieved -->

	<bean id="RostimaStrings" class="com.minapro.esb.common.RostimaStrings">
		<property name="url" value="${url}" />
		<property name="userIdParameter" value="${userIdParameter}" />
		<property name="startDateParameter" value="${startDateParameter}" />
		<property name="endDateParameter" value="${endDateParameter}" />
	</bean>

	<!-- Miscellaneous other supporting classes bean initializations , some 
		of which yet to be classified -->
	<bean id="processorSender" class="com.minapro.esb.processor.ProcessorSender" />
	<bean id="eventProcessor" class="com.minapro.esb.processor.EventProcessor" />
	<bean id="EndpointProcessor" class="com.minapro.esb.processor.EndpointProcessor" />

	<!-- Initialize camel context -->
	<camelContext xmlns="http://camel.apache.org/schema/spring">
		<routeContextRef ref="processorRoutes" />
		<route id="start_CHE">
			<from uri="activemq:T2_ESB_CHE_INQ" />
			<process ref="eventProcessor" />
			<dynamicRouter>
				<method bean="processorSender" ref="processorSender" method="sendToEndpoint"></method>
			</dynamicRouter>
		</route>

		<route id="common_CHE">
			<from uri="activemq:T2_ESB_CHE_COMMON_INQ" />
			<bean ref="eventProcessor" method="processCommonRequest" />
			<dynamicRouter>
				<method bean="processorSender" ref="processorSender" method="sendToEndpoint"></method>
			</dynamicRouter>
		</route>

	</camelContext>
</beans>
