<?xml version="1.0" encoding="UTF-8"?>
<beans xmlns="http://www.springframework.org/schema/beans"
	xmlns:xsi="http://www.w3.org/2001/XMLSchema-instance"
	xsi:schemaLocation="
       http://www.springframework.org/schema/beans http://www.springframework.org/schema/beans/spring-beans.xsd
       http://camel.apache.org/schema/spring http://camel.apache.org/schema/spring/camel-spring.xsd
    ">
	<!-- RouteContext initialized -->
	<routeContext xmlns="http://camel.apache.org/schema/spring"
	 id="processorRoutes">
    <route id="CHELoginEventProcessor">
        <description>This is the route , which gets the CHE login Event and
				processes it
			</description>
        <from uri="direct:CHEloginEventProcessor"/>
        <process ref="rostimaProcessor"/>
        <recipientList>
            <header>rostimaString</header>
        </recipientList>
        <process ref="CHELoginEventProcessor"/>
        <process ref="EndpointProcessor"/>
        <dynamicRouter>
            <method bean="processorSender" ref="processorSender" method="sendToEndpoint"></method>
        </dynamicRouter>
    </route>
    <route id="CHEYardView">
        <from uri="direct:CHEyardView"/>
        <process ref="CHEYardView"/>
        <process ref="EndpointProcessor"/>
        <multicast>
            <dynamicRouter>
                <method bean="processorSender" ref="processorSender" method="sendToEndpoint"></method>
            </dynamicRouter>
        </multicast>
    </route>
    <route id="CHEReeferConnection">
        <from uri="direct:CHEreeferConnection"/>
        <process ref="CHEReeferContainerProcessor"/>
        <process ref="EndpointProcessor"/>
        <multicast>
            <dynamicRouter>
                <method bean="processorSender" ref="processorSender" method="sendToEndpoint"></method>
            </dynamicRouter>
        </multicast>
    </route>
	<route id="CHEupdateBlockContainersEvent">
		<from uri="direct:CHEupdateBlockContainersEvent" />
		<bean ref="CHEYardView" method="getUpdateBlockContainerDetails"/>
		<process ref="EndpointProcessor" />
		<dynamicRouter>
			<method bean="processorSender" ref="processorSender" method="sendToEndpoint"></method>
		</dynamicRouter>
	</route>
</routeContext>
</beans>

