<?xml version="1.0" encoding="UTF-8"?>
<!-- Configures the Camel Context -->

<beans xmlns="http://www.springframework.org/schema/beans"
	xmlns:xsi="http://www.w3.org/2001/XMLSchema-instance" xmlns:camel="http://camel.apache.org/schema/spring"
	xsi:schemaLocation="
       http://www.springframework.org/schema/beans http://www.springframework.org/schema/beans/spring-beans.xsd
       http://camel.apache.org/schema/spring http://camel.apache.org/schema/spring/camel-spring.xsd">

	<!-- Importing the routes from other route files , which are available -->
	<import resource="RouteContext.xml" />
	<bean id="routeProps"
		class="org.springframework.beans.factory.config.PropertyPlaceholderConfigurer">
		<property name="location" value="file:///home/fuse/atom-queue.properties" />
		<!-- <property name="location" value="file:///home/fuse/atom-queueSIT.properties" /> -->
	</bean>

	<bean id="jmsConnectionFactory" class="org.apache.activemq.ActiveMQConnectionFactory">
		<!-- <property name="brokerURL" value="tcp://172.20.27.131:61616" /> -->
		<property name="brokerURL" value="tcp://${ip}:${port}" />
		<property name="userName"  value="${userName}" />
        <property name="password"  value="${password}" />
       <!--  <property name="trustAllPackages" value="true" /> -->
	</bean>
	<bean id="pooledConnectionFactory" class="org.apache.activemq.pool.PooledConnectionFactory"
		init-method="start" destroy-method="stop">
		<property name="maxConnections" value="${QUEUE_maxConnections}" />
		<!-- <property name="maximumActive" value="500" /> -->
		<property name="connectionFactory" ref="jmsConnectionFactory" />
	</bean>
	<bean id="jmsConfig" class="org.apache.camel.component.jms.JmsConfiguration">
		<property name="connectionFactory" ref="pooledConnectionFactory" />
		<property name="concurrentConsumers" value="${QUEUE_concurrentConsumers}" />
	</bean>
	<bean id="activemq" class="org.apache.activemq.camel.component.ActiveMQComponent">
		<property name="configuration" ref="jmsConfig" />
	</bean>

	<!-- ~~~~~~~~~~~~~~~~~~~~~~~~~~~~~~~~~~~~~~~~~~~ -->

	<bean id="jmsConnectionFactoryFuse" class="org.apache.activemq.ActiveMQConnectionFactory">
		<property name="brokerURL" value="tcp://${ip}:${port}" />
		<property name="userName"  value="${userName}" />
        <property name="password"  value="${password}" />
       <!--  <property name="trustAllPackages" value="true" /> -->
		<!-- <property name="userName" value="admin" /> <property name="password" 
			value="admin" /> -->
	</bean>
	<bean id="pooledConnectionFactoryFuse" class="org.apache.activemq.pool.PooledConnectionFactory"
		init-method="start" destroy-method="stop">
		<property name="maxConnections" value="${QUEUE_maxConnections}" />
		<!-- <property name="maximumActive" value="500" /> -->
		<property name="connectionFactory" ref="jmsConnectionFactoryFuse" />
	</bean>
	<bean id="jmsConfigFuse" class="org.apache.camel.component.jms.JmsConfiguration">
		<property name="connectionFactory" ref="pooledConnectionFactoryFuse" />
		<property name="concurrentConsumers" value="${QUEUE_concurrentConsumers}" />
	</bean>
	<bean id="activemqFuse" class="org.apache.activemq.camel.component.ActiveMQComponent">
		<property name="configuration" ref="jmsConfigFuse" />
	</bean>

	<bean id="PromisDataSource" class="org.apache.commons.dbcp.BasicDataSource"
		destroy-method="close">

		<property name="driverClassName" value="oracle.jdbc.driver.OracleDriver" />
		<property name="url"
			value="jdbc:oracle:thin:@${DPRDT_ip}:${DPRDT_port}:${DPRDT_sid}" />
		<property name="username" value="${DPRDT_username}" />
		<property name="password" value="${DPRDT_password}" />
		<property name="removeAbandoned" value="${DPRDT_removeAbandoned}" />
		<property name="initialSize" value="${DPRDT_initialSize}" />
		<property name="maxActive" value="${DPRDT_maxActive}" />

		<!-- <property name="driverClassName" value="oracle.jdbc.driver.OracleDriver" 
			/> <property name="url" value="jdbc:oracle:thin:@172.20.27.90:1679:DPRDT" 
			/> <property name="username" value="prmain_dba" /> <property name="password" 
			value="prmain_dba" /> <property name="removeAbandoned" value="true" /> <property 
			name="initialSize" value="20" /> <property name="maxActive" value="30" /> -->
	</bean>

	<!-- BEAN INITIALIZATIONS -->
	<!-- Login Event Processor beans initialization for all operators -->
	<bean id="HCLoginEventProcessor" class="com.minapro.esb.processor.hc.HCLoginEventProcessor" />

	<bean id="rostimaProcessor" class="com.minapro.esb.processor.RostimaProcessor" />
	<!-- Temporary drive instruction bean initialization for ITV operator , 
		scope is valid till endpoint data is retrieved -->

	<bean id="RostimaStrings" class="com.minapro.esb.common.RostimaStrings">
		<property name="url" value="${url}" />
		<property name="userIdParameter" value="${userIdParameter}" />
		<property name="startDateParameter" value="${startDateParameter}" />
		<property name="endDateParameter" value="${endDateParameter}" />
	</bean>

	<!-- Miscellaneous other supporting classes bean initializations , some 
		of which yet to be classified -->

	<bean id="processorSender" class="com.minapro.esb.processor.ProcessorSender" />
	<bean id="eventProcessor" class="com.minapro.esb.processor.EventProcessor" />

	<bean id="EndpointProcessor" class="com.minapro.esb.processor.EndpointProcessor" />

	<bean id="HCOutOfListContainersProcessor"
		class="com.minapro.esb.processor.hc.HCOutOfListContainersProcessor" />

	<!-- Initialize camel context -->
	<camelContext xmlns="http://camel.apache.org/schema/spring">
		<routeContextRef ref="processorRoutes" />
		<route id="start_hc">
			<from uri="activemq:T2_ESB_HC_INQ" />
			<process ref="eventProcessor" />
			<dynamicRouter>
				<method bean="processorSender" ref="processorSender" method="sendToEndpoint"></method>
			</dynamicRouter>
		</route>
	</camelContext>
</beans>
