<?xml version="1.0" encoding="UTF-8"?>
<beans xmlns="http://www.springframework.org/schema/beans"
	xmlns:xsi="http://www.w3.org/2001/XMLSchema-instance"
	xsi:schemaLocation="
       http://www.springframework.org/schema/beans http://www.springframework.org/schema/beans/spring-beans.xsd
       http://camel.apache.org/schema/spring http://camel.apache.org/schema/spring/camel-spring.xsd
    ">
	<!-- RouteContext initialized -->
	<routeContext xmlns="http://camel.apache.org/schema/spring"
		id="processorRoutes">
		<route id="HCLoginEventProcessor">
			<description>This is the route , which gets the HC login Event and
				processes it
			</description>
			<from uri="direct:HCloginEventProcessor" />
			<process ref="rostimaProcessor" />
			<recipientList>
				<header>rostimaString</header>
			</recipientList>
			<process ref="HCLoginEventProcessor" />
			<process ref="EndpointProcessor" />
			<dynamicRouter>
				<method bean="processorSender" ref="processorSender" method="sendToEndpoint"></method>
			</dynamicRouter>
		</route>
		
		<route id="HCOutOfListContainersProcessor">
			<from uri="direct:HCOutOfListContainersProcessor" />
			<process ref="HCOutOfListContainersProcessor" />
			<process ref="EndpointProcessor" />
			<dynamicRouter>
				<method bean="processorSender" ref="processorSender" method="sendToEndpoint"></method>
			</dynamicRouter>
		</route>
	</routeContext>
</beans>

