<?xml version="1.0" encoding="UTF-8"?>
<!-- Configures the Camel Context -->

<beans xmlns="http://www.springframework.org/schema/beans"
	xmlns:xsi="http://www.w3.org/2001/XMLSchema-instance" xmlns:camel="http://camel.apache.org/schema/spring"
	xsi:schemaLocation="
       http://www.springframework.org/schema/beans http://www.springframework.org/schema/beans/spring-beans.xsd
       http://camel.apache.org/schema/spring http://camel.apache.org/schema/spring/camel-spring.xsd">

	<!-- Importing the routes from other route files , which are available -->
	<import resource="RouteContext.xml" />

	<bean id="routeProps"
		class="org.springframework.beans.factory.config.PropertyPlaceholderConfigurer">
		<property name="location" value="file:///home/fuse/atom-queue.properties" />
	</bean>

	<!-- Initializing the JMS connection -->

	<bean id="jmsConnectionFactory" class="org.apache.activemq.ActiveMQConnectionFactory">
		<!-- <property name="brokerURL" value="tcp://172.20.27.131:61616" /> -->
		<property name="brokerURL" value="tcp://${ip}:${port}" />
		<property name="userName"  value="${userName}" />
        <property name="password"  value="${password}" />
       <!--  <property name="trustAllPackages" value="true" /> -->
	</bean>
	<bean id="pooledConnectionFactory" class="org.apache.activemq.pool.PooledConnectionFactory"
		init-method="start" destroy-method="stop">
		<property name="maxConnections" value="${QUEUE_maxConnections}" />
		<!-- <property name="maximumActive" value="500" /> -->
		<property name="connectionFactory" ref="jmsConnectionFactory" />
	</bean>
	<bean id="jmsConfig" class="org.apache.camel.component.jms.JmsConfiguration">
		<property name="connectionFactory" ref="pooledConnectionFactory" />
		<property name="concurrentConsumers" value="${QUEUE_concurrentConsumers}" />		
	</bean>
	<bean id="activemq" class="org.apache.activemq.camel.component.ActiveMQComponent">
		<property name="configuration" ref="jmsConfig" />
	</bean>

	<!-- ~~~~~~~~~~~~~~~~~~~~~~~~~~~~~~~~~~~~~~~~~~~ -->

	<bean id="jmsConnectionFactoryFuse" class="org.apache.activemq.ActiveMQConnectionFactory">
		<property name="brokerURL" value="tcp://${ip}:${port}" />
		<property name="userName"  value="${userName}" />
        <property name="password"  value="${password}" />
       <!--  <property name="trustAllPackages" value="true" /> -->
		<!-- <property name="brokerURL" value="tcp://172.20.27.200:61616" /> <property 
			name="userName" value="admin" /> <property name="password" value="admin" 
			/> -->
	</bean>
	<bean id="pooledConnectionFactoryFuse" class="org.apache.activemq.pool.PooledConnectionFactory"
		init-method="start" destroy-method="stop">
		<property name="maxConnections" value="${QUEUE_maxConnections}" />
		<!-- <property name="maximumActive" value="500" /> -->
		<property name="connectionFactory" ref="jmsConnectionFactoryFuse" />
	</bean>
	<bean id="jmsConfigFuse" class="org.apache.camel.component.jms.JmsConfiguration">
		<property name="connectionFactory" ref="pooledConnectionFactoryFuse" />
		<property name="concurrentConsumers" value="${QUEUE_concurrentConsumers}" />
	</bean>
	<bean id="activemqFuse" class="org.apache.activemq.camel.component.ActiveMQComponent">
		<property name="configuration" ref="jmsConfigFuse" />
	</bean>

	<!-- Initializing the DataSource , for JDBC interaction -->
	<!-- <bean id="dataSource" class="org.apache.commons.dbcp.BasicDataSource" 
		destroy-method="close"> <property name="driverClassName" value="com.mysql.jdbc.Driver" 
		/> <property name="url" value="jdbc:mysql://127.0.0.1:3306/fuse" /> <property 
		name="username" value="root" /> <property name="password" value="root" /> 
		<property name="removeAbandoned" value="true" /> <property name="initialSize" 
		value="20" /> <property name="maxActive" value="30" /> </bean> -->

	<bean id="PromisDataSource" class="org.apache.commons.dbcp.BasicDataSource"
		destroy-method="close">
		<property name="driverClassName" value="oracle.jdbc.driver.OracleDriver" />
		<property name="url"
			value="jdbc:oracle:thin:@${DPRDT_ip}:${DPRDT_port}:${DPRDT_sid}" />
		<property name="username" value="${DPRDT_username}" />
		<property name="password" value="${DPRDT_password}" />
		<property name="removeAbandoned" value="${DPRDT_removeAbandoned}" />
		<property name="initialSize" value="${DPRDT_initialSize}" />
		<property name="maxActive" value="${DPRDT_maxActive}" />
	</bean>

	<bean id="PrtosdDataSource" class="org.apache.commons.dbcp.BasicDataSource"
		destroy-method="close">
		<property name="driverClassName" value="oracle.jdbc.driver.OracleDriver" />
		<property name="url"
			value="jdbc:oracle:thin:@${PRTOSD_ip}:${PRTOSD_port}:${PRTOSD_sid}" />
		<property name="username" value="${PRTOSD_username}" />
		<property name="password" value="${PRTOSD_password}" />
		<property name="removeAbandoned" value="${PRTOSD_removeAbandoned}" />
		<property name="initialSize" value="${PRTOSD_initialSize}" />
		<property name="maxActive" value="${PRTOSD_maxActive}" />
	</bean>

	<bean id="PrtosmpdDataSource" class="org.apache.commons.dbcp.BasicDataSource"
		destroy-method="close">
		<property name="driverClassName" value="oracle.jdbc.driver.OracleDriver" />
		<property name="url"
			value="jdbc:oracle:thin:@${PRTOSDMP_ip}:${PRTOSDMP_port}:${PRTOSDMP_sid}" />
		<property name="username" value="${PRTOSDMP_username}" />
		<property name="password" value="${PRTOSDMP_password}" />
		<property name="removeAbandoned" value="${PRTOSDMP_removeAbandoned}" />
		<property name="initialSize" value="${PRTOSDMP_initialSize}" />
		<property name="maxActive" value="${PRTOSDMP_maxActive}" />
	</bean>


	<!-- DB connection for Schema DPWJAPROD -->
	<bean id="DPWJAProdDataSource" class="org.apache.commons.dbcp.BasicDataSource"
		destroy-method="close">
		<property name="driverClassName" value="oracle.jdbc.driver.OracleDriver" />
		<property name="url"
			value="jdbc:oracle:thin:@${DPWJA_ip}:${DPWJA_port}:${DPWJA_sid}" />
		<property name="username" value="${DPWJA_username}" />
		<property name="password" value="${DPWJA_password}" />
		<property name="removeAbandoned" value="${DPWJA_removeAbandoned}" />
		<property name="initialSize" value="${DPWJA_initialSize}" />
		<property name="maxActive" value="${DPWJA_maxActive}" />
	</bean>

	<!-- DB connection for Schema DPWJAPROD -->
	<bean id="OPCTJADDataSource" class="org.apache.commons.dbcp.BasicDataSource"
		destroy-method="close">
		<property name="driverClassName" value="oracle.jdbc.driver.OracleDriver" />
		<property name="url"
			value="jdbc:oracle:thin:@${OPCTJAD_ip}:${OPCTJAD_port}:${OPCTJAD_sid}" />
		<property name="username" value="${OPCTJAD_username}" />
		<property name="password" value="${OPCTJAD_password}" />
		<property name="removeAbandoned" value="${OPCTJAD_removeAbandoned}" />
		<property name="initialSize" value="${OPCTJAD_initialSize}" />
		<property name="maxActive" value="${OPCTJAD_maxActive}" />
	</bean>

	<!-- DB connection for Schema PRTOS_DBA -->
	<bean id="PRTOSDBADataSource" class="org.apache.commons.dbcp.BasicDataSource"
		destroy-method="close">
		<property name="driverClassName" value="oracle.jdbc.driver.OracleDriver" />
		<property name="url"
			value="jdbc:oracle:thin:@${PRTOSDBA_ip}:${PRTOSDBA_port}:${PRTOSDBA_sid}" />
		<property name="username" value="${PRTOSDBA_username}" />
		<property name="password" value="${PRTOSDBA_password}" />
		<property name="removeAbandoned" value="${PRTOSDBA_removeAbandoned}" />
		<property name="initialSize" value="${PRTOSDBA_initialSize}" />
		<property name="maxActive" value="${PRTOSDBA_maxActive}" />
	</bean>
	
	<!-- BEAN INITIALIZATIONS -->
	<!-- Login Event Processor beans initialization for all operators -->
	<bean id="QCLoginEventProcessor" class="com.minapro.esb.processor.qc.QCLoginEventProcessor" />

	<!-- Confirm Allocation Event Processor beans initialization for all operators -->


	<bean id="VesselSideBerthEventProcessor"
		class="com.minapro.esb.processor.qc.VesselSideBerthEventProcessor" />

	<!-- <bean id="conMove" class="com.minapro.esb.processor.qc.ContainerMoveQC" 
		/> -->
	<bean id="QCBayViewProcessor" class="com.minapro.esb.processor.qc.QCBayViewProcessor" />
	<!-- <bean id="QCUpdateContainer" class="com.minapro.esb.processor.qc.QCUpdateContainer" 
		/> -->
	<!-- <bean id="QCContainerMoveEvent" class="com.minapro.esb.processor.qc.QCContainerMoveEventProcessor" 
		/> -->
	<bean id="rostimaProcessor" class="com.minapro.esb.processor.RostimaProcessor" />
	<!-- Temporary drive instruction bean initialization for ITV operator , 
		scope is valid till endpoint data is retrieved -->

	<!-- <bean id="ITVPoolEventProcessor" class="com.minapro.esb.processor.qc.ITVPoolRequestEventProcessor" 
		/> -->
	<bean id="UpdateBay" class="com.minapro.esb.processor.qc.UpdateBay" />

	<bean id="QCplannedMovesProcessor"
		class="com.minapro.esb.processor.qc.QCPlannedMoveEventProcessor" />
	<bean id="qcContainerMovesToGoProcessor"
		class="com.minapro.esb.processor.qc.QCContainerMovesToGoProcessor" />

	<!-- Miscellaneous other supporting classes bean initializations , some 
		of which yet to be classified -->
	<bean id="shutdownRoute" class="utils.RouteShutDown" />
	<bean id="processorSender" class="com.minapro.esb.processor.ProcessorSender" />
	<bean id="eventProcessor" class="com.minapro.esb.processor.EventProcessor" />
	<!-- <bean id="logOutEventProcessor" class="com.minapro.esb.processor.LogoutEventProcessor" 
		/> -->
	<bean id="EndpointProcessor" class="com.minapro.esb.processor.EndpointProcessor" />
	<!-- <bean id="QCJobList" class="com.minapro.esb.processor.qc.QCJobListEventProcessor" 
		/> -->
	<bean id="ExchangeRepo" class="utils.ExchangeProcessor" />

	<bean id="RostimaStrings" class="com.minapro.esb.common.RostimaStrings">
		<property name="url" value="${url}" />
		<property name="userIdParameter" value="${userIdParameter}" />
		<property name="startDateParameter" value="${startDateParameter}" />
		<property name="endDateParameter" value="${endDateParameter}" />
	</bean>

	<bean id="QCContainerDamageProcessor" class="com.minapro.esb.processor.qc.QCContainerDamageProcessor">
		<property name="seperator" value="${damage.code.seperator}" />
	</bean>

	<bean id="RostimaShiftProcessor" class="com.minapro.esb.processor.RostimaShiftProcessor" />

	<bean id="QCUpdateContainerLocationProcessor"
		class="com.minapro.esb.processor.qc.QCUpdateContainerLocationProcessor" />

	<bean id="QCContainerInquiryProcessor"
		class="com.minapro.esb.processor.qc.QCContainerInquiryProcessor" />

	<bean id="QCUpdateContainerInquiryProcessor"
		class="com.minapro.esb.processor.qc.QCUpdateContainerInquiryProcessor" />

	<!-- Initialize camel context -->
	<camelContext id="camel" xmlns="http://camel.apache.org/schema/spring">
		<routeContextRef ref="processorRoutes" />
		<route id="start_QC">
			<from uri="activemq:T2_ESB_QC_INQ" />
			<process ref="eventProcessor" />
			<dynamicRouter>
				<method bean="processorSender" ref="processorSender" method="sendToEndpoint"></method>
			</dynamicRouter>
		</route>

		<route id="common_QC">
			<from uri="activemq:T2_ESB_COMMON_INQ" />
			<bean ref="eventProcessor" method="processCommonRequest" />
			<dynamicRouter>
				<method bean="processorSender" ref="processorSender" method="sendToEndpoint"></method>
			</dynamicRouter>
		</route>

		<route>
			<from uri="timer://exchange?delay=0001&amp;repeatCount=1" />
			<log message="EXCHANGE REPO TO BE SET" />
			<process ref="ExchangeRepo" />
			<log message="EXCHANGE REPO SET" />
		</route>
		<!-- <route id="RostimaTimer"> <from uri="timer://rostimaTimer?delay=0005&amp;period=240000" 
			/> <process ref="RostimaShiftProcessor" /> </route> -->
	</camelContext>
</beans>
