<?xml version="1.0" encoding="UTF-8"?>
<beans xmlns="http://www.springframework.org/schema/beans"
	xmlns:xsi="http://www.w3.org/2001/XMLSchema-instance"
	xsi:schemaLocation="
       http://www.springframework.org/schema/beans http://www.springframework.org/schema/beans/spring-beans.xsd
       http://camel.apache.org/schema/spring http://camel.apache.org/schema/spring/camel-spring.xsd
    ">
	<!-- RouteContext initialized -->
	<routeContext xmlns="http://camel.apache.org/schema/spring"
		id="processorRoutes">

		<route id="QCLoginEventProcessor">
			<from uri="direct:QCloginEventProcessor" />
			<process ref="rostimaProcessor" />
			<recipientList>
				<header>rostimaString</header>
			</recipientList>
			<process ref="QCLoginEventProcessor" />
			<process ref="EndpointProcessor" />
			<dynamicRouter>
				<method bean="processorSender" ref="processorSender" method="sendToEndpoint"></method>
			</dynamicRouter>
		</route>
		<!-- <route id="QCBayViewFromEndpoint">
			<from uri="direct:QCBayView" />
			<process ref="QCBayViewProcessor" />
			<to uri="activemq:T2_ESB_COMMON_OUTQ" />
			<process ref="EndpointProcessor" />
			<dynamicRouter>
				<method bean="processorSender" ref="processorSender" method="sendToEndpoint"></method>
			</dynamicRouter>
		</route>
 		-->
		<route id="QCUpdateBay">
			<from uri="direct:QCUpdateBay" />
			<process ref="UpdateBay" />
			<process ref="EndpointProcessor" />
			<dynamicRouter>
				<method bean="processorSender" ref="processorSender" method="sendToEndpoint"></method>
			</dynamicRouter>
		</route>

		<route id="vesselBerthSide">
			<from uri="direct:vesselBerthSide" />
			<process ref="VesselSideBerthEventProcessor" />
			<process ref="EndpointProcessor" />
			<dynamicRouter>
				<method bean="processorSender" ref="processorSender" method="sendToEndpoint"></method>
			</dynamicRouter>
		</route>
		
			<route id="QCplannedMoves">
			<from uri="direct:QCplannedMoves" />
			<process ref="QCplannedMovesProcessor" />
			<process ref="EndpointProcessor" />
			<dynamicRouter>
				<method bean="processorSender" ref="processorSender" method="sendToEndpoint"></method>
			</dynamicRouter>
		</route>
		
		<route id="QCcontainerDamage">
			<from uri="direct:QCcontainerDamage" />
			<process ref="QCContainerDamageProcessor" />
			<process ref="EndpointProcessor" />
			<dynamicRouter>
				<method bean="processorSender" ref="processorSender" method="sendToEndpoint"></method>
			</dynamicRouter>
			<log message="QC Container damage Response sent to QC OUTQ" />
		</route>
		
		<route id="QCBayViewEvent">
			<from uri="direct:QCBayViewEvent" />
			<process ref="QCBayViewProcessor" />
			<process ref="EndpointProcessor" />
			<dynamicRouter>
				<method bean="processorSender" ref="processorSender" method="sendToEndpoint"></method>
			</dynamicRouter>
			<log message="QC Bay View Response sent to QC OUTQ" />
		</route>

		<route id="directOUTQ">
			<from uri="direct:QCQ" />
			<log message="SEND TO QC OUTQ ++++++++++++++++++++++++++++++" />
			<to uri="activemq:T2_ESB_QC_OUTQ" />
		</route>
				
		<route id="send">
			<from uri="direct:testQ" />
			<log message="IN TEST MESSAGE LOG" />
		</route>
		
		<route id="QCUpdateContainerLocationEvent">
			<from uri="direct:QCUpdateContainerLocationEvent" />
			<process ref="QCUpdateContainerLocationProcessor" />
			<process ref="EndpointProcessor" />
			<dynamicRouter>
				<method bean="processorSender" ref="processorSender" method="sendToEndpoint"></method>
			</dynamicRouter>
			<log message="QCUpdateContainerLocation Event Response sent to QC OUTQ" />
		</route>
		
		<route id="QCContainerMovesToGoEvent">
			<from uri="direct:QCContainerMovesToGoEvent" />
			<process ref="qcContainerMovesToGoProcessor" />
			<process ref="EndpointProcessor" />
			<dynamicRouter>
				<method bean="processorSender" ref="processorSender" method="sendToEndpoint"></method>
			</dynamicRouter>
			<log message="QC MovesToGo Response sent to QC OUTQ" />
		</route>
		
		<route id="QCcontainerInquiry">
			<from uri="direct:QCcontainerInquiry" />
			<process ref="QCContainerInquiryProcessor" />
			<process ref="EndpointProcessor" />
			<dynamicRouter>
				<method bean="processorSender" ref="processorSender" method="sendToEndpoint"></method>
			</dynamicRouter>
		</route>
		
		<route id="UpdateContainerInquiryEvent">
			<from uri="direct:UpdateContainerInquiryEvent" />
			<process ref="QCUpdateContainerInquiryProcessor" />
			<process ref="EndpointProcessor" />
			<dynamicRouter>
				<method bean="processorSender" ref="processorSender" method="sendToEndpoint"></method>
			</dynamicRouter>
		</route>
		
		<route id="directESBQ">
			<from uri="direct:ESBQ" />
			<log message="SEND TO ESB_QC OUTQ ++++++++++++++++++++++++++++++" />
			<to uri="activemq:ESB_QC" />
		</route>
		
	</routeContext>
</beans>

